Workbook

Sheet 機器マスタ
A1: 管理番号 | B1: 機器名 | C1: 機器区分ID | D1: 機器区分名 | E1: メーカーID | F1: メーカー名 | G1: クラス分類 | H1: 型番 | I1: 製造番号 | J1: 資産番号 | K1: 使用開始日 | L1: 経過年月 | M1: 保守契約有無 | N1: 部署ID | O1: 部署名 | P1: 保管場所ID | Q1: 保管場所名 | R1: 拠点 | S1: ステータス | T1: ファイルBOXID | U1: 備考
A2: A1403 | B2: スーパーテクトロン HX606 | C2: CAT015 | D2: =IFERROR(VLOOKUP($C2,機器区分マスタ!$A:$B,2,FALSE)&"","") -> 高周波 | E2: MKR014 | F2: =IFERROR(VLOOKUP($E2,メーカーマスタ!$A:$B,2,FALSE)&"","") -> テクノリンク | G2: Ⅱ | H2: HX606 | I2: 420854N | J2: S-010235 | K2: 40525 | L2: =IF($K2="","",DATEDIF($K2,TODAY(),"Y")&"年"&DATEDIF($K2,TODAY(),"YM")&"ヶ月") -> 15年9ヶ月 | M2: 無 | N2: DEP001 | O2: =IFERROR(VLOOKUP($N2,部署マスタ!$A:$B,2,FALSE)&"","") -> 理学診療部 | P2: LOC004 | Q2: =IFERROR(VLOOKUP($P2,保管場所マスタ!$A:$B,2,FALSE)&"","") -> リハビリ室 | R2: =IFERROR(VLOOKUP($P2,保管場所マスタ!$A:$E,5,FALSE)&"","") -> 市川クリニック | S2: 稼働中 | T2: BOX0001 | U2: 取説あり
A3: A1409 | B3: 診察台 EX-SD2S | C3: CAT001 | D3: =IFERROR(VLOOKUP($C3,機器区分マスタ!$A:$B,2,FALSE)&"","") -> 診察台（電動式） | E3: MKR002 | F3: =IFERROR(VLOOKUP($E3,メーカーマスタ!$A:$B,2,FALSE)&"","") -> タカラベルモント | G3: Ⅰ | H3: EX-SD2S | I3: BA13D0204 | J3: S-010240 | K3: 40525 | L3: =IF($K3="","",DATEDIF($K3,TODAY(),"Y")&"年"&DATEDIF($K3,TODAY(),"YM")&"ヶ月") -> 15年9ヶ月 | M3: 無 | N3: DEP001 | O3: =IFERROR(VLOOKUP($N3,部署マスタ!$A:$B,2,FALSE)&"","") -> 理学診療部 | P3: LOC004 | Q3: =IFERROR(VLOOKUP($P3,保管場所マスタ!$A:$B,2,FALSE)&"","") -> リハビリ室 | R3: =IFERROR(VLOOKUP($P3,保管場所マスタ!$A:$E,5,FALSE)&"","") -> 市川クリニック | S3: 稼働中 | T3: BOX0002 | U3: 取説あり
A4: A1704 | B4: 電子血圧計 CH-453F | C4: CAT003 | D4: =IFERROR(VLOOKUP($C4,機器区分マスタ!$A:$B,2,FALSE)&"","") -> 電子血圧計 | E4: MKR017 | F4: =IFERROR(VLOOKUP($E4,メーカーマスタ!$A:$B,2,FALSE)&"","") -> シチズン | G4: Ⅱ | H4: CH-453F | I4: 22991 | K4: 41609 | L4: =IF($K4="","",DATEDIF($K4,TODAY(),"Y")&"年"&DATEDIF($K4,TODAY(),"YM")&"ヶ月") -> 12年10ヶ月 | M4: 無 | N4: DEP001 | O4: =IFERROR(VLOOKUP($N4,部署マスタ!$A:$B,2,FALSE)&"","") -> 理学診療部 | P4: LOC004 | Q4: =IFERROR(VLOOKUP($P4,保管場所マスタ!$A:$B,2,FALSE)&"","") -> リハビリ室 | R4: =IFERROR(VLOOKUP($P4,保管場所マスタ!$A:$E,5,FALSE)&"","") -> 市川クリニック | S4: 故障中 | T4: BOX0003
A5: A1706 | B5: 握力計 GRIP D | C5: CAT008 | D5: =IFERROR(VLOOKUP($C5,機器区分マスタ!$A:$B,2,FALSE)&"","") -> 電子握力計 | E5: MKR011 | F5: =IFERROR(VLOOKUP($E5,メーカーマスタ!$A:$B,2,FALSE)&"","") -> 竹井機器工業 | H5: GRIP-D | I5: 73180072 | J5: S-013302 | K5: 41609 | L5: =IF($K5="","",DATEDIF($K5,TODAY(),"Y")&"年"&DATEDIF($K5,TODAY(),"YM")&"ヶ月") -> 12年10ヶ月 | M5: 無 | N5: DEP001 | O5: =IFERROR(VLOOKUP($N5,部署マスタ!$A:$B,2,FALSE)&"","") -> 理学診療部 | P5: LOC004 | Q5: =IFERROR(VLOOKUP($P5,保管場所マスタ!$A:$B,2,FALSE)&"","") -> リハビリ室 | R5: =IFERROR(VLOOKUP($P5,保管場所マスタ!$A:$E,5,FALSE)&"","") -> 市川クリニック | S5: 稼働中 | T5: BOX0004
A6: A1708 | B6: 電子体温計 MC-674 | C6: CAT010 | D6: =IFERROR(VLOOKUP($C6,機器区分マスタ!$A:$B,2,FALSE)&"","") -> 電子体温計 | E6: MKR009 | F6: =IFERROR(VLOOKUP($E6,メーカーマスタ!$A:$B,2,FALSE)&"","") -> オムロン | G6: Ⅱ | H6: MC-674 | I6: 221AGBZX00103000 | K6: 41609 | L6: =IF($K6="","",DATEDIF($K6,TODAY(),"Y")&"年"&DATEDIF($K6,TODAY(),"YM")&"ヶ月") -> 12年10ヶ月 | M6: 無 | N6: DEP001 | O6: =IFERROR(VLOOKUP($N6,部署マスタ!$A:$B,2,FALSE)&"","") -> 理学診療部 | P6: LOC004 | Q6: =IFERROR(VLOOKUP($P6,保管場所マスタ!$A:$B,2,FALSE)&"","") -> リハビリ室 | R6: =IFERROR(VLOOKUP($P6,保管場所マスタ!$A:$E,5,FALSE)&"","") -> 市川クリニック | S6: 稼働中 | T6: BOX0005
A7: A1725 | B7: CORDLESS BIKE V77i | C7: CAT012 | D7: =IFERROR(VLOOKUP($C7,機器区分マスタ!$A:$B,2,FALSE)&"","") -> エルゴメーター | E7: MKR015 | F7: =IFERROR(VLOOKUP($E7,メーカーマスタ!$A:$B,2,FALSE)&"","") -> セノー | H7: V77i | I7: BG862M30-302011051 | J7: S-013350 | K7: 41609 | L7: =IF($K7="","",DATEDIF($K7,TODAY(),"Y")&"年"&DATEDIF($K7,TODAY(),"YM")&"ヶ月") -> 12年10ヶ月 | M7: 無 | N7: DEP001 | O7: =IFERROR(VLOOKUP($N7,部署マスタ!$A:$B,2,FALSE)&"","") -> 理学診療部 | P7: LOC004 | Q7: =IFERROR(VLOOKUP($P7,保管場所マスタ!$A:$B,2,FALSE)&"","") -> リハビリ室 | R7: =IFERROR(VLOOKUP($P7,保管場所マスタ!$A:$E,5,FALSE)&"","") -> 市川クリニック | S7: 稼働中 | T7: BOX0006
A8: A1786 | B8: RADspeed Pro | C8: CAT011 | D8: =IFERROR(VLOOKUP($C8,機器区分マスタ!$A:$B,2,FALSE)&"","") -> X線発生装置 | E8: MKR016 | F8: =IFERROR(VLOOKUP($E8,メーカーマスタ!$A:$B,2,FALSE)&"","") -> 島津製作所 | G8: Ⅱ | H8: RADspeed-Pro | I8: 41E215A73005 | J8: S-017062 | K8: 42891 | L8: =IF($K8="","",DATEDIF($K8,TODAY(),"Y")&"年"&DATEDIF($K8,TODAY(),"YM")&"ヶ月") -> 9年4ヶ月 | M8: 有 | N8: DEP003 | O8: =IFERROR(VLOOKUP($N8,部署マスタ!$A:$B,2,FALSE)&"","") -> 画像検査部 | P8: LOC012 | Q8: =IFERROR(VLOOKUP($P8,保管場所マスタ!$A:$B,2,FALSE)&"","") -> 第1撮影室 | R8: =IFERROR(VLOOKUP($P8,保管場所マスタ!$A:$E,5,FALSE)&"","") -> 市川クリニック | S8: 稼働中 | T8: BOX0007 | U8: フルメンテ保守
A9: A2034 | B9: ベッドサイドモニタ PVM-2701 | C9: CAT019 | D9: =IFERROR(VLOOKUP($C9,機器区分マスタ!$A:$B,2,FALSE)&"","") -> 生体情報モニタ（ﾍﾞｯﾄﾞｻｲﾄﾞﾓﾆﾀ） | E9: MKR006 | F9: =IFERROR(VLOOKUP($E9,メーカーマスタ!$A:$B,2,FALSE)&"","") -> 日本光電 | G9: Ⅲ | H9: PVM-2701 | I9: 22300BZX00461000 | J9: S-018090 | K9: 43344 | L9: =IF($K9="","",DATEDIF($K9,TODAY(),"Y")&"年"&DATEDIF($K9,TODAY(),"YM")&"ヶ月") -> 8年1ヶ月 | M9: 有 | N9: DEP002 | O9: =IFERROR(VLOOKUP($N9,部署マスタ!$A:$B,2,FALSE)&"","") -> 外来看護部 | P9: LOC015 | Q9: =IFERROR(VLOOKUP($P9,保管場所マスタ!$A:$B,2,FALSE)&"","") -> 検査室 | R9: =IFERROR(VLOOKUP($P9,保管場所マスタ!$A:$E,5,FALSE)&"","") -> 市川クリニック | S9: 稼働中 | T9: BOX0008
A10: A2269 | B10: フィンガーチップパルスオキシメーター C25 | C10: CAT002 | D10: =IFERROR(VLOOKUP($C10,機器区分マスタ!$A:$B,2,FALSE)&"","") -> パルスオキシメーター | E10: MKR018 | F10: =IFERROR(VLOOKUP($E10,メーカーマスタ!$A:$B,2,FALSE)&"","") -> フィンガルリンク | H10: C25 | I10: 1823449-00428 | K10: 43377 | L10: =IF($K10="","",DATEDIF($K10,TODAY(),"Y")&"年"&DATEDIF($K10,TODAY(),"YM")&"ヶ月") -> 8年0ヶ月 | M10: 無 | N10: DEP001 | O10: =IFERROR(VLOOKUP($N10,部署マスタ!$A:$B,2,FALSE)&"","") -> 理学診療部 | P10: LOC004 | Q10: =IFERROR(VLOOKUP($P10,保管場所マスタ!$A:$B,2,FALSE)&"","") -> リハビリ室 | R10: =IFERROR(VLOOKUP($P10,保管場所マスタ!$A:$E,5,FALSE)&"","") -> 市川クリニック | S10: 稼働中 | T10: BOX0009
A11: A2320 | B11: メディセーフフィットスマイル | C11: CAT016 | D11: =IFERROR(VLOOKUP($C11,機器区分マスタ!$A:$B,2,FALSE)&"","") -> 血糖測定器 | E11: MKR001 | F11: =IFERROR(VLOOKUP($E11,メーカーマスタ!$A:$B,2,FALSE)&"","") -> テルモ | G11: Ⅲ | H11: MS-FR201B | I11: 190551 | K11: 43770 | L11: =IF($K11="","",DATEDIF($K11,TODAY(),"Y")&"年"&DATEDIF($K11,TODAY(),"YM")&"ヶ月") -> 6年11ヶ月 | M11: 無 | N11: DEP002 | O11: =IFERROR(VLOOKUP($N11,部署マスタ!$A:$B,2,FALSE)&"","") -> 外来看護部 | P11: LOC020 | Q11: =IFERROR(VLOOKUP($P11,保管場所マスタ!$A:$B,2,FALSE)&"","") -> 処置室 | R11: =IFERROR(VLOOKUP($P11,保管場所マスタ!$A:$E,5,FALSE)&"","") -> 市川クリニック | S11: 稼働中 | T11: BOX0010
A12: A2333 | B12: ステレッチングex | C12: CAT018 | D12: =IFERROR(VLOOKUP($C12,機器区分マスタ!$A:$B,2,FALSE)&"","") -> 斜面台 | E12: MKR019 | F12: =IFERROR(VLOOKUP($E12,メーカーマスタ!$A:$B,2,FALSE)&"","") -> スカイライト | H12: ステレッチングex | I12: 2107 | J12: S-010318 | K12: 40525 | L12: =IF($K12="","",DATEDIF($K12,TODAY(),"Y")&"年"&DATEDIF($K12,TODAY(),"YM")&"ヶ月") -> 15年9ヶ月 | M12: 無 | N12: DEP001 | O12: =IFERROR(VLOOKUP($N12,部署マスタ!$A:$B,2,FALSE)&"","") -> 理学診療部 | P12: LOC003 | Q12: =IFERROR(VLOOKUP($P12,保管場所マスタ!$A:$B,2,FALSE)&"","") -> リハビリ室 | R12: =IFERROR(VLOOKUP($P12,保管場所マスタ!$A:$E,5,FALSE)&"","") -> 西船クリニック | S12: 稼働中 | T12: BOX0011 | U12: 2026/3に西船へ移設
A13: A2487 | B13: 体重計 | C13: CAT005 | D13: =IFERROR(VLOOKUP($C13,機器区分マスタ!$A:$B,2,FALSE)&"","") -> 体重計 | E13: MKR008 | F13: =IFERROR(VLOOKUP($E13,メーカーマスタ!$A:$B,2,FALSE)&"","") -> タニタ | H13: HD-660 | I13: 800929 | K13: 40525 | L13: =IF($K13="","",DATEDIF($K13,TODAY(),"Y")&"年"&DATEDIF($K13,TODAY(),"YM")&"ヶ月") -> 15年9ヶ月 | M13: 無 | N13: DEP001 | O13: =IFERROR(VLOOKUP($N13,部署マスタ!$A:$B,2,FALSE)&"","") -> 理学診療部 | P13: LOC004 | Q13: =IFERROR(VLOOKUP($P13,保管場所マスタ!$A:$B,2,FALSE)&"","") -> リハビリ室 | R13: =IFERROR(VLOOKUP($P13,保管場所マスタ!$A:$E,5,FALSE)&"","") -> 市川クリニック | S13: 稼働中 | T13: BOX0012
A14: A2559 | B14: カルジオライフ AED-3100 | C14: CAT007 | D14: =IFERROR(VLOOKUP($C14,機器区分マスタ!$A:$B,2,FALSE)&"","") -> AED | E14: MKR006 | F14: =IFERROR(VLOOKUP($E14,メーカーマスタ!$A:$B,2,FALSE)&"","") -> 日本光電 | G14: Ⅲ | H14: AED-3100 | I14: 206995 | J14: S-021880 | K14: 44273 | L14: =IF($K14="","",DATEDIF($K14,TODAY(),"Y")&"年"&DATEDIF($K14,TODAY(),"YM")&"ヶ月") -> 5年6ヶ月 | M14: 有 | N14: DEP005 | O14: =IFERROR(VLOOKUP($N14,部署マスタ!$A:$B,2,FALSE)&"","") -> 1F病棟 | P14: LOC005 | Q14: =IFERROR(VLOOKUP($P14,保管場所マスタ!$A:$B,2,FALSE)&"","") -> ﾅｰｽｽﾃｰｼｮﾝ | R14: =IFERROR(VLOOKUP($P14,保管場所マスタ!$A:$E,5,FALSE)&"","") -> 船橋整形外科病院 | S14: 稼働中 | T14: BOX0013 | U14: パッド期限 2027/03
A15: A2642 | B15: KEZ01 | C15: CAT020 | D15: =IFERROR(VLOOKUP($C15,機器区分マスタ!$A:$B,2,FALSE)&"","") -> 検像端末 | E15: MKR020 | F15: =IFERROR(VLOOKUP($E15,メーカーマスタ!$A:$B,2,FALSE)&"","") -> 富士フィルム医療ソリューションズ | H15: KEZ01 | I15: 6M45HV2 | J15: S-017051 | K15: 42856 | L15: =IF($K15="","",DATEDIF($K15,TODAY(),"Y")&"年"&DATEDIF($K15,TODAY(),"YM")&"ヶ月") -> 9年5ヶ月 | M15: 無 | N15: DEP003 | O15: =IFERROR(VLOOKUP($N15,部署マスタ!$A:$B,2,FALSE)&"","") -> 画像検査部 | P15: LOC019 | Q15: =IFERROR(VLOOKUP($P15,保管場所マスタ!$A:$B,2,FALSE)&"","") -> MRI操作室 | R15: =IFERROR(VLOOKUP($P15,保管場所マスタ!$A:$E,5,FALSE)&"","") -> 市川クリニック | S15: 廃棄 | T15: BOX0014 | U15: 2026/6 更新により廃棄
A16: A2771 | B16: 壁掛式流量計 | C16: CAT009 | D16: =IFERROR(VLOOKUP($C16,機器区分マスタ!$A:$B,2,FALSE)&"","") -> 壁掛式流量計 | E16: MKR007 | F16: =IFERROR(VLOOKUP($E16,メーカーマスタ!$A:$B,2,FALSE)&"","") -> 小池メディカル | G16: Ⅱ | H16: KF-200 | I16: KM19-0771 | J16: S-019061 | K16: 43617 | L16: =IF($K16="","",DATEDIF($K16,TODAY(),"Y")&"年"&DATEDIF($K16,TODAY(),"YM")&"ヶ月") -> 7年4ヶ月 | M16: 無 | N16: DEP005 | O16: =IFERROR(VLOOKUP($N16,部署マスタ!$A:$B,2,FALSE)&"","") -> 1F病棟 | P16: LOC006 | Q16: =IFERROR(VLOOKUP($P16,保管場所マスタ!$A:$B,2,FALSE)&"","") -> 処置室 | R16: =IFERROR(VLOOKUP($P16,保管場所マスタ!$A:$E,5,FALSE)&"","") -> 船橋整形外科病院 | S16: 稼働中 | T16: BOX0015
A17: A2956 | B17: AeroDR | C17: CAT004 | D17: =IFERROR(VLOOKUP($C17,機器区分マスタ!$A:$B,2,FALSE)&"","") -> FPD | E17: MKR004 | F17: =IFERROR(VLOOKUP($E17,メーカーマスタ!$A:$B,2,FALSE)&"","") -> コニカミノルタ | G17: Ⅱ | H17: AeroDR | I17: A33G-61362 | J17: S-023101 | K17: 45211 | L17: =IF($K17="","",DATEDIF($K17,TODAY(),"Y")&"年"&DATEDIF($K17,TODAY(),"YM")&"ヶ月") -> 2年11ヶ月 | M17: 有 | N17: DEP003 | O17: =IFERROR(VLOOKUP($N17,部署マスタ!$A:$B,2,FALSE)&"","") -> 画像検査部 | P17: LOC017 | Q17: =IFERROR(VLOOKUP($P17,保管場所マスタ!$A:$B,2,FALSE)&"","") -> 第2撮影室 | R17: =IFERROR(VLOOKUP($P17,保管場所マスタ!$A:$E,5,FALSE)&"","") -> 市川クリニック | S17: 稼働中 | T17: BOX0016 | U17: フルメンテ保守
A18: A2980 | B18: フィジオアクティブ HV PHV-1 | C18: CAT013 | D18: =IFERROR(VLOOKUP($C18,機器区分マスタ!$A:$B,2,FALSE)&"","") -> 低周波治療器 | E18: MKR005 | F18: =IFERROR(VLOOKUP($E18,メーカーマスタ!$A:$B,2,FALSE)&"","") -> 酒井医療 | G18: Ⅱ | H18: PHV-1 | I18: 78005167N | J18: S-024013 | K18: 45321 | L18: =IF($K18="","",DATEDIF($K18,TODAY(),"Y")&"年"&DATEDIF($K18,TODAY(),"YM")&"ヶ月") -> 2年8ヶ月 | M18: 有 | N18: DEP001 | O18: =IFERROR(VLOOKUP($N18,部署マスタ!$A:$B,2,FALSE)&"","") -> 理学診療部 | P18: LOC003 | Q18: =IFERROR(VLOOKUP($P18,保管場所マスタ!$A:$B,2,FALSE)&"","") -> リハビリ室 | R18: =IFERROR(VLOOKUP($P18,保管場所マスタ!$A:$E,5,FALSE)&"","") -> 西船クリニック | S18: 稼働中 | T18: BOX0017
A19: A3292 | B19: カーディサニー C330 | C19: CAT014 | D19: =IFERROR(VLOOKUP($C19,機器区分マスタ!$A:$B,2,FALSE)&"","") -> 多機能心電計 | E19: MKR012 | F19: =IFERROR(VLOOKUP($E19,メーカーマスタ!$A:$B,2,FALSE)&"","") -> フクダ電子 | G19: Ⅱ | H19: C330 | I19: 40800113 | J19: S-010050 | K19: 40299 | L19: =IF($K19="","",DATEDIF($K19,TODAY(),"Y")&"年"&DATEDIF($K19,TODAY(),"YM")&"ヶ月") -> 16年5ヶ月 | M19: 無 | N19: DEP004 | O19: =IFERROR(VLOOKUP($N19,部署マスタ!$A:$B,2,FALSE)&"","") -> 臨床検査部 | P19: LOC018 | Q19: =IFERROR(VLOOKUP($P19,保管場所マスタ!$A:$B,2,FALSE)&"","") -> 1B 生理検査室 | R19: =IFERROR(VLOOKUP($P19,保管場所マスタ!$A:$E,5,FALSE)&"","") -> 船橋整形外科クリニック | S19: 稼働中 | T19: BOX0018
A20: A3293 | B20: HemioMX SSA-590A | C20: CAT006 | D20: =IFERROR(VLOOKUP($C20,機器区分マスタ!$A:$B,2,FALSE)&"","") -> 超音波診断装置 | E20: MKR010 | F20: =IFERROR(VLOOKUP($E20,メーカーマスタ!$A:$B,2,FALSE)&"","") -> キヤノンメディカル | G20: Ⅱ | H20: SSA-590A | I20: 99A1344613 | J20: S-013070 | K20: 41456 | L20: =IF($K20="","",DATEDIF($K20,TODAY(),"Y")&"年"&DATEDIF($K20,TODAY(),"YM")&"ヶ月") -> 13年3ヶ月 | M20: 有 | N20: DEP004 | O20: =IFERROR(VLOOKUP($N20,部署マスタ!$A:$B,2,FALSE)&"","") -> 臨床検査部 | P20: LOC018 | Q20: =IFERROR(VLOOKUP($P20,保管場所マスタ!$A:$B,2,FALSE)&"","") -> 1B 生理検査室 | R20: =IFERROR(VLOOKUP($P20,保管場所マスタ!$A:$E,5,FALSE)&"","") -> 船橋整形外科クリニック | S20: 稼働中 | T20: BOX0019
A21: A3294 | B21: リニア PLM-703AT | C21: CAT017 | D21: =IFERROR(VLOOKUP($C21,機器区分マスタ!$A:$B,2,FALSE)&"","") -> 超音波プローブ | E21: MKR010 | F21: =IFERROR(VLOOKUP($E21,メーカーマスタ!$A:$B,2,FALSE)&"","") -> キヤノンメディカル | G21: Ⅱ | H21: PLM-703AT | I21: TDA1336595 | K21: 41456 | L21: =IF($K21="","",DATEDIF($K21,TODAY(),"Y")&"年"&DATEDIF($K21,TODAY(),"YM")&"ヶ月") -> 13年3ヶ月 | M21: 有 | N21: DEP004 | O21: =IFERROR(VLOOKUP($N21,部署マスタ!$A:$B,2,FALSE)&"","") -> 臨床検査部 | P21: LOC018 | Q21: =IFERROR(VLOOKUP($P21,保管場所マスタ!$A:$B,2,FALSE)&"","") -> 1B 生理検査室 | R21: =IFERROR(VLOOKUP($P21,保管場所マスタ!$A:$E,5,FALSE)&"","") -> 船橋整形外科クリニック | S21: 稼働中 | T21: BOX0020 | U21: A3293の付属プローブ

Sheet 機器区分マスタ
A1: 機器区分ID | B1: 機器区分名 | C1: 特定保守管理医療機器 | D1: 点検表ID | E1: 点検表名 | F1: 部署点検周期(月) | G1: 業者点検周期(月) | H1: 表示順 | I1: 有効 | J1: 備考
A2: CAT001 | B2: 診察台（電動式） | D2: CHK001 | E2: =IFERROR(VLOOKUP($D2,点検表マスタ!$A:$B,2,FALSE)&"","") -> 診察台（電動式） 点検表 | F2: 6 | H2: 1 | I2: 〇
A3: CAT002 | B3: パルスオキシメーター | D3: CHK002 | E3: =IFERROR(VLOOKUP($D3,点検表マスタ!$A:$B,2,FALSE)&"","") -> パルスオキシメーター 点検表 | F3: 6 | H3: 2 | I3: 〇
A4: CAT003 | B4: 電子血圧計 | C4: 〇 | D4: CHK003 | E4: =IFERROR(VLOOKUP($D4,点検表マスタ!$A:$B,2,FALSE)&"","") -> 電子血圧計 点検表 | F4: 1 | H4: 3 | I4: 〇
A5: CAT004 | B5: FPD | C5: 〇 | D5: CHK004 | E5: =IFERROR(VLOOKUP($D5,点検表マスタ!$A:$B,2,FALSE)&"","") -> FPD 点検表 | F5: 3 | G5: 12 | H5: 4 | I5: 〇
A6: CAT005 | B6: 体重計 | D6: CHK005 | E6: =IFERROR(VLOOKUP($D6,点検表マスタ!$A:$B,2,FALSE)&"","") -> 体重計 点検表 | F6: 12 | H6: 5 | I6: 〇
A7: CAT006 | B7: 超音波診断装置 | C7: 〇 | D7: CHK006 | E7: =IFERROR(VLOOKUP($D7,点検表マスタ!$A:$B,2,FALSE)&"","") -> 超音波診断装置 点検表 | F7: 3 | G7: 12 | H7: 6 | I7: 〇
A8: CAT007 | B8: AED | C8: 〇 | D8: CHK007 | E8: =IFERROR(VLOOKUP($D8,点検表マスタ!$A:$B,2,FALSE)&"","") -> AED 点検表 | F8: 1 | G8: 12 | H8: 7 | I8: 〇
A9: CAT008 | B9: 電子握力計 | D9: CHK008 | E9: =IFERROR(VLOOKUP($D9,点検表マスタ!$A:$B,2,FALSE)&"","") -> 電子握力計 点検表 | F9: 12 | H9: 8 | I9: 〇
A10: CAT009 | B10: 壁掛式流量計 | C10: 〇 | D10: CHK009 | E10: =IFERROR(VLOOKUP($D10,点検表マスタ!$A:$B,2,FALSE)&"","") -> 壁掛式流量計 点検表 | F10: 6 | H10: 9 | I10: 〇
A11: CAT010 | B11: 電子体温計 | C11: 〇 | D11: CHK010 | E11: =IFERROR(VLOOKUP($D11,点検表マスタ!$A:$B,2,FALSE)&"","") -> 電子体温計 点検表 | F11: 12 | H11: 10 | I11: 〇
A12: CAT011 | B12: X線発生装置 | C12: 〇 | D12: CHK011 | E12: =IFERROR(VLOOKUP($D12,点検表マスタ!$A:$B,2,FALSE)&"","") -> X線発生装置 点検表 | F12: 3 | G12: 12 | H12: 11 | I12: 〇
A13: CAT012 | B13: エルゴメーター | D13: CHK012 | E13: =IFERROR(VLOOKUP($D13,点検表マスタ!$A:$B,2,FALSE)&"","") -> エルゴメーター 点検表 | F13: 6 | H13: 12 | I13: 〇
A14: CAT013 | B14: 低周波治療器 | C14: 〇 | D14: CHK013 | E14: =IFERROR(VLOOKUP($D14,点検表マスタ!$A:$B,2,FALSE)&"","") -> 低周波治療器 点検表 | F14: 1 | G14: 12 | H14: 13 | I14: 〇
A15: CAT014 | B15: 多機能心電計 | C15: 〇 | D15: CHK014 | E15: =IFERROR(VLOOKUP($D15,点検表マスタ!$A:$B,2,FALSE)&"","") -> 多機能心電計 点検表 | F15: 3 | G15: 12 | H15: 14 | I15: 〇
A16: CAT015 | B16: 高周波 | C16: 〇 | D16: CHK015 | E16: =IFERROR(VLOOKUP($D16,点検表マスタ!$A:$B,2,FALSE)&"","") -> 高周波 点検表 | F16: 1 | G16: 12 | H16: 15 | I16: 〇
A17: CAT016 | B17: 血糖測定器 | C17: 〇 | D17: CHK016 | E17: =IFERROR(VLOOKUP($D17,点検表マスタ!$A:$B,2,FALSE)&"","") -> 血糖測定器 点検表 | F17: 1 | H17: 16 | I17: 〇
A18: CAT017 | B18: 超音波プローブ | C18: 〇 | D18: CHK017 | E18: =IFERROR(VLOOKUP($D18,点検表マスタ!$A:$B,2,FALSE)&"","") -> 超音波プローブ 点検表 | F18: 3 | G18: 12 | H18: 17 | I18: 〇
A19: CAT018 | B19: 斜面台 | D19: CHK018 | E19: =IFERROR(VLOOKUP($D19,点検表マスタ!$A:$B,2,FALSE)&"","") -> 斜面台 点検表 | F19: 12 | H19: 18 | I19: 〇
A20: CAT019 | B20: 生体情報モニタ（ﾍﾞｯﾄﾞｻｲﾄﾞﾓﾆﾀ） | C20: 〇 | D20: CHK019 | E20: =IFERROR(VLOOKUP($D20,点検表マスタ!$A:$B,2,FALSE)&"","") -> 生体情報モニタ（ﾍﾞｯﾄﾞｻｲﾄﾞﾓﾆﾀ） 点検表 | F20: 1 | G20: 12 | H20: 19 | I20: 〇
A21: CAT020 | B21: 検像端末 | D21: CHK020 | E21: =IFERROR(VLOOKUP($D21,点検表マスタ!$A:$B,2,FALSE)&"","") -> 検像端末 点検表 | F21: 12 | H21: 20 | I21: 〇

Sheet 部署マスタ
A1: 部署ID | B1: 部署名 | C1: 担当者１ | D1: 担当者２ | E1: 表示順 | F1: 有効 | G1: 備考
A2: DEP001 | B2: 理学診療部 | C2: 佐藤 健一 | D2: 伊藤 亮 | E2: 1 | F2: 〇
A3: DEP002 | B3: 外来看護部 | C3: 鈴木 美和 | E3: 2 | F3: 〇
A4: DEP003 | B4: 画像検査部 | C4: 高橋 直樹 | E4: 3 | F4: 〇
A5: DEP004 | B5: 臨床検査部 | C5: 田中 彩 | E5: 4 | F5: 〇
A6: DEP005 | B6: 1F病棟 | C6: 渡辺 久美 | D6: 松本 拓海 | E6: 5 | F6: 〇
A7: DEP006 | B7: 3F回復期病棟 | C7: 山口 千尋 | E7: 6 | F7: 〇
A8: DEP007 | B8: 総務部 | C8: 中村 大輔 | E8: 7 | F8: 〇
A9: DEP008 | B9: 内科 | C9: 小林 真一 | E9: 8 | F9: 〇
A10: DEP009 | B10: 薬剤部 | C10: 加藤 綾子 | E10: 9 | F10: 〇
A11: DEP010 | B11: 管理部 | C11: 吉田 聡 | E11: 10 | F11: 〇
A12: DEP011 | B12: 医療機器安全委員会 | C12: 伊藤 亮 | D12: 高橋 直樹 | E12: 11 | F12: 〇

Sheet 保管場所マスタ
A1: 保管場所ID | B1: 保管場所名 | C1: 部署ID | D1: 部署名 | E1: 拠点 | F1: 表示順 | G1: 有効 | H1: 備考
A2: LOC001 | B2: 2F リハビリ室 | C2: DEP001 | D2: =IFERROR(VLOOKUP($C2,部署マスタ!$A:$B,2,FALSE)&"","") -> 理学診療部 | E2: 船橋整形外科クリニック | F2: 1 | G2: 〇
A3: LOC002 | B3: 病棟リハビリ | C3: DEP001 | D3: =IFERROR(VLOOKUP($C3,部署マスタ!$A:$B,2,FALSE)&"","") -> 理学診療部 | E3: 船橋整形外科病院 | F3: 2 | G3: 〇
A4: LOC003 | B4: リハビリ室 | C4: DEP001 | D4: =IFERROR(VLOOKUP($C4,部署マスタ!$A:$B,2,FALSE)&"","") -> 理学診療部 | E4: 西船クリニック | F4: 3 | G4: 〇
A5: LOC004 | B5: リハビリ室 | C5: DEP001 | D5: =IFERROR(VLOOKUP($C5,部署マスタ!$A:$B,2,FALSE)&"","") -> 理学診療部 | E5: 市川クリニック | F5: 4 | G5: 〇
A6: LOC005 | B6: ﾅｰｽｽﾃｰｼｮﾝ | C6: DEP005 | D6: =IFERROR(VLOOKUP($C6,部署マスタ!$A:$B,2,FALSE)&"","") -> 1F病棟 | E6: 船橋整形外科病院 | F6: 5 | G6: 〇
A7: LOC006 | B7: 処置室 | C7: DEP005 | D7: =IFERROR(VLOOKUP($C7,部署マスタ!$A:$B,2,FALSE)&"","") -> 1F病棟 | E7: 船橋整形外科病院 | F7: 6 | G7: 〇
A8: LOC007 | B8: 処置室 | C8: DEP002 | D8: =IFERROR(VLOOKUP($C8,部署マスタ!$A:$B,2,FALSE)&"","") -> 外来看護部 | E8: 西船クリニック | F8: 7 | G8: 〇
A9: LOC008 | B9: 回復期病棟 | C9: DEP006 | D9: =IFERROR(VLOOKUP($C9,部署マスタ!$A:$B,2,FALSE)&"","") -> 3F回復期病棟 | E9: 船橋整形外科病院 | F9: 8 | G9: 〇
A10: LOC009 | B10: 処置室 | C10: DEP002 | D10: =IFERROR(VLOOKUP($C10,部署マスタ!$A:$B,2,FALSE)&"","") -> 外来看護部 | E10: 船橋整形外科クリニック | F10: 9 | G10: 〇
A11: LOC010 | B11: 第15診察室 | C11: DEP003 | D11: =IFERROR(VLOOKUP($C11,部署マスタ!$A:$B,2,FALSE)&"","") -> 画像検査部 | E11: 船橋整形外科クリニック | F11: 10 | G11: 〇
A12: LOC011 | B12: 手術室 | C12: DEP003 | D12: =IFERROR(VLOOKUP($C12,部署マスタ!$A:$B,2,FALSE)&"","") -> 画像検査部 | E12: 船橋整形外科病院 | F12: 11 | G12: 〇
A13: LOC012 | B13: 第1撮影室 | C13: DEP003 | D13: =IFERROR(VLOOKUP($C13,部署マスタ!$A:$B,2,FALSE)&"","") -> 画像検査部 | E13: 市川クリニック | F13: 12 | G13: 〇
... A21: LOC020 | B21: 処置室 | C21: DEP002 | D21: =IFERROR(VLOOKUP($C21,部署マスタ!$A:$B,2,FALSE)&"","") -> 外来看護部 | E21: 市川クリニック | F21: 20 | G21: 〇

Sheet メーカーマスタ
A1: メーカーID | B1: メーカー名 | C1: 電話番号 | D1: 担当者 | E1: メールアドレス | F1: ホームページ | G1: 表示順 | H1: 有効 | I1: 備考
A2: MKR001 | B2: テルモ | C2: 03-1234-5601 | D2: 山田（営業） | E2: sales01@example.co.jp | F2: https://example01.co.jp | G2: 1 | H2: 〇
A3: MKR002 | B3: タカラベルモント | C3: 03-1234-5602 | D3: 加藤（営業） | E3: sales02@example.co.jp | F3: https://example02.co.jp | G3: 2 | H3: 〇
A4: MKR003 | B4: ベルモント | C4: 03-1234-5603 | E4: sales03@example.co.jp | F4: https://example03.co.jp | G4: 3 | H4: 〇
A5: MKR004 | B5: コニカミノルタ | C5: 03-1234-5604 | D5: 中村（CE） | E5: sales04@example.co.jp | F5: https://example04.co.jp | G5: 4 | H5: 〇
A6: MKR005 | B6: 酒井医療 | C6: 03-1234-5605 | D6: 斉藤（CE） | E6: sales05@example.co.jp | F6: https://example05.co.jp | G6: 5 | H6: 〇
A7: MKR006 | B7: 日本光電 | C7: 03-1234-5606 | D7: 小林（営業） | E7: sales06@example.co.jp | F7: https://example06.co.jp | G7: 6 | H7: 〇
A8: MKR007 | B8: 小池メディカル | C8: 03-1234-5607 | E8: sales07@example.co.jp | F8: https://example07.co.jp | G8: 7 | H8: 〇
A9: MKR008 | B9: タニタ | C9: 03-1234-5608 | D9: 森（営業） | E9: sales08@example.co.jp | F9: https://example08.co.jp | G9: 8 | H9: 〇
A10: MKR009 | B10: オムロン | C10: 03-1234-5609 | E10: sales09@example.co.jp | F10: https://example09.co.jp | G10: 9 | H10: 〇
A11: MKR010 | B11: キヤノンメディカル | C11: 03-1234-5610 | D11: 大野（CE） | E11: sales10@example.co.jp | F11: https://example10.co.jp | G11: 10 | H11: 〇
A12: MKR011 | B12: 竹井機器工業 | C12: 03-1234-5611 | E12: sales11@example.co.jp | F12: https://example11.co.jp | G12: 11 | H12: 〇
A13: MKR012 | B13: フクダ電子 | C13: 03-1234-5612 | D13: 原田（営業） | E13: sales12@example.co.jp | F13: https://example12.co.jp | G13: 12 | H13: 〇
A14: MKR013 | B14: 富士フイルムメディカル | C14: 03-1234-5613 | D14: 清水（CE） | E14: sales13@example.co.jp | F14: https://example13.co.jp | G14: 13 | H14: 〇
A15: MKR014 | B15: テクノリンク | C15: 03-1234-5614 | D15: 山田（営業） | E15: sales14@example.co.jp | F15: https://example14.co.jp | G15: 14 | H15: 〇
A16: MKR015 | B16: セノー | C16: 03-1234-5615 | E16: sales15@example.co.jp | F16: https://example15.co.jp | G16: 15 | H16: 〇
A17: MKR016 | B17: 島津製作所 | C17: 03-1234-5616 | D17: 長谷川（CE） | E17: sales16@example.co.jp | F17: https://example16.co.jp | G17: 16 | H17: 〇
A18: MKR017 | B18: シチズン | C18: 03-1234-5617 | E18: sales17@example.co.jp | F18: https://example17.co.jp | G18: 17 | H18: 〇
A19: MKR018 | B19: フィンガルリンク | C19: 03-1234-5618 | E19: sales18@example.co.jp | F19: https://example18.co.jp | G19: 18 | H19: 〇
A20: MKR019 | B20: スカイライト | C20: 03-1234-5619 | E20: sales19@example.co.jp | F20: https://example19.co.jp | G20: 19 | H20: 〇
A21: MKR020 | B21: 富士フィルム医療ソリューションズ | C21: 03-1234-5620 | D21: 岡田（CE） | E21: sales20@example.co.jp | F21: https://example20.co.jp | G21: 20 | H21: 〇

Sheet 点検表マスタ
A1: 点検表ID | B1: 点検表名 | C1: 機器区分ID | D1: 点検区分 | E1: 表示順 | F1: 有効 | G1: 備考
A2: CHK001 | B2: 診察台（電動式） 点検表 | C2: CAT001 | D2: 部署点検 | E2: 1 | F2: 〇
A3: CHK002 | B3: パルスオキシメーター 点検表 | C3: CAT002 | D3: 部署点検 | E3: 2 | F3: 〇
A4: CHK003 | B4: 電子血圧計 点検表 | C4: CAT003 | D4: 部署点検 | E4: 3 | F4: 〇
A5: CHK004 | B5: FPD 点検表 | C5: CAT004 | D5: 業者点検 | E5: 4 | F5: 〇 | G5: メーカー実施
A6: CHK005 | B6: 体重計 点検表 | C6: CAT005 | D6: 部署点検 | E6: 5 | F6: 〇
A7: CHK006 | B7: 超音波診断装置 点検表 | C7: CAT006 | D7: 業者点検 | E7: 6 | F7: 〇 | G7: メーカー実施
A8: CHK007 | B8: AED 点検表 | C8: CAT007 | D8: 部署点検 | E8: 7 | F8: 〇
A9: CHK008 | B9: 電子握力計 点検表 | C9: CAT008 | D9: 部署点検 | E9: 8 | F9: 〇
A10: CHK009 | B10: 壁掛式流量計 点検表 | C10: CAT009 | D10: 部署点検 | E10: 9 | F10: 〇
A11: CHK010 | B11: 電子体温計 点検表 | C11: CAT010 | D11: 部署点検 | E11: 10 | F11: 〇
A12: CHK011 | B12: X線発生装置 点検表 | C12: CAT011 | D12: 業者点検 | E12: 11 | F12: 〇 | G12: メーカー実施
A13: CHK012 | B13: エルゴメーター 点検表 | C13: CAT012 | D13: 部署点検 | E13: 12 | F13: 〇
A14: CHK013 | B14: 低周波治療器 点検表 | C14: CAT013 | D14: 部署点検 | E14: 13 | F14: 〇
A15: CHK014 | B15: 多機能心電計 点検表 | C15: CAT014 | D15: 業者点検 | E15: 14 | F15: 〇 | G15: メーカー実施
A16: CHK015 | B16: 高周波 点検表 | C16: CAT015 | D16: 部署点検 | E16: 15 | F16: 〇
A17: CHK016 | B17: 血糖測定器 点検表 | C17: CAT016 | D17: 部署点検 | E17: 16 | F17: 〇
A18: CHK017 | B18: 超音波プローブ 点検表 | C18: CAT017 | D18: 業者点検 | E18: 17 | F18: 〇 | G18: メーカー実施
A19: CHK018 | B19: 斜面台 点検表 | C19: CAT018 | D19: 部署点検 | E19: 18 | F19: 〇
A20: CHK019 | B20: 生体情報モニタ（ﾍﾞｯﾄﾞｻｲﾄﾞﾓﾆﾀ） 点検表 | C20: CAT019 | D20: 部署点検 | E20: 19 | F20: 〇
A21: CHK020 | B21: 検像端末 点検表 | C21: CAT020 | D21: 部署点検 | E21: 20 | F21: 〇

Sheet 点検項目マスタ
A1: 点検項目ID | B1: 点検表ID | C1: 点検表名 | D1: 表示順 | E1: 項目名 | F1: 入力形式 | G1: 必須 | H1: 備考
A2: ITM001 | B2: CHK015 | C2: =IFERROR(VLOOKUP($B2,点検表マスタ!$A:$B,2,FALSE)&"","") -> 高周波 点検表 | D2: 1 | E2: 外装の破損・汚れがないか | F2: ○× | G2: 〇
A3: ITM002 | B3: CHK015 | C3: =IFERROR(VLOOKUP($B3,点検表マスタ!$A:$B,2,FALSE)&"","") -> 高周波 点検表 | D3: 2 | E3: 電源コード・プラグの損傷がないか | F3: ○× | G3: 〇
A4: ITM003 | B4: CHK015 | C4: =IFERROR(VLOOKUP($B4,点検表マスタ!$A:$B,2,FALSE)&"","") -> 高周波 点検表 | D4: 3 | E4: 出力レベル（％） | F4: 数値 | G4: 〇 | H4: 規定値 10〜15
A5: ITM004 | B5: CHK015 | C5: =IFERROR(VLOOKUP($B5,点検表マスタ!$A:$B,2,FALSE)&"","") -> 高周波 点検表 | D5: 4 | E5: 導子（アプリケータ）の状態 | F5: ○× | G5: 〇
A6: ITM005 | B6: CHK015 | C6: =IFERROR(VLOOKUP($B6,点検表マスタ!$A:$B,2,FALSE)&"","") -> 高周波 点検表 | D6: 5 | E6: タイマー動作の確認 | F6: ○×
A7: ITM006 | B7: CHK007 | C7: =IFERROR(VLOOKUP($B7,点検表マスタ!$A:$B,2,FALSE)&"","") -> AED 点検表 | D7: 1 | E7: インジケータが緑点滅しているか | F7: ○× | G7: 〇
A8: ITM007 | B8: CHK007 | C8: =IFERROR(VLOOKUP($B8,点検表マスタ!$A:$B,2,FALSE)&"","") -> AED 点検表 | D8: 2 | E8: 電極パッドの使用期限 | F8: 日付 | G8: 〇
A9: ITM008 | B9: CHK007 | C9: =IFERROR(VLOOKUP($B9,点検表マスタ!$A:$B,2,FALSE)&"","") -> AED 点検表 | D9: 3 | E9: バッテリ使用期限 | F9: 日付 | G9: 〇
A10: ITM009 | B10: CHK007 | C10: =IFERROR(VLOOKUP($B10,点検表マスタ!$A:$B,2,FALSE)&"","") -> AED 点検表 | D10: 4 | E10: 本体・ケースの汚れ、破損 | F10: ○× | G10: 〇
A11: ITM010 | B11: CHK007 | C11: =IFERROR(VLOOKUP($B11,点検表マスタ!$A:$B,2,FALSE)&"","") -> AED 点検表 | D11: 5 | E11: 付属品（ハサミ・剃刀・手袋）の有無 | F11: ○×
A12: ITM011 | B12: CHK003 | C12: =IFERROR(VLOOKUP($B12,点検表マスタ!$A:$B,2,FALSE)&"","") -> 電子血圧計 点検表 | D12: 1 | E12: カフ・チューブの亀裂、空気漏れ | F12: ○× | G12: 〇
A13: ITM012 | B13: CHK003 | C13: =IFERROR(VLOOKUP($B13,点検表マスタ!$A:$B,2,FALSE)&"","") -> 電子血圧計 点検表 | D13: 2 | E13: 表示部の欠け・にじみ | F13: ○× | G13: 〇
A14: ITM013 | B14: CHK003 | C14: =IFERROR(VLOOKUP($B14,点検表マスタ!$A:$B,2,FALSE)&"","") -> 電子血圧計 点検表 | D14: 3 | E14: 電池残量 | F14: ○× | G14: 〇
A15: ITM014 | B15: CHK003 | C15: =IFERROR(VLOOKUP($B15,点検表マスタ!$A:$B,2,FALSE)&"","") -> 電子血圧計 点検表 | D15: 4 | E15: 既知値との測定誤差（mmHg） | F15: 数値 | H15: ±5以内
A16: ITM015 | B16: CHK001 | C16: =IFERROR(VLOOKUP($B16,点検表マスタ!$A:$B,2,FALSE)&"","") -> 診察台（電動式） 点検表 | D16: 1 | E16: 昇降動作がスムーズか | F16: ○× | G16: 〇
A17: ITM016 | B17: CHK001 | C17: =IFERROR(VLOOKUP($B17,点検表マスタ!$A:$B,2,FALSE)&"","") -> 診察台（電動式） 点検表 | D17: 2 | E17: フットスイッチ・コードの損傷 | F17: ○× | G17: 〇
A18: ITM017 | B18: CHK001 | C18: =IFERROR(VLOOKUP($B18,点検表マスタ!$A:$B,2,FALSE)&"","") -> 診察台（電動式） 点検表 | D18: 3 | E18: レザー表面の破れ・汚れ | F18: ○×
A19: ITM018 | B19: CHK004 | C19: =IFERROR(VLOOKUP($B19,点検表マスタ!$A:$B,2,FALSE)&"","") -> FPD 点検表 | D19: 1 | E19: パネル表面の傷、割れ | F19: ○× | G19: 〇
A20: ITM019 | B20: CHK004 | C20: =IFERROR(VLOOKUP($B20,点検表マスタ!$A:$B,2,FALSE)&"","") -> FPD 点検表 | D20: 2 | E20: バッテリ残量・充電器の動作 | F20: ○× | G20: 〇
A21: ITM020 | B21: CHK004 | C21: =IFERROR(VLOOKUP($B21,点検表マスタ!$A:$B,2,FALSE)&"","") -> FPD 点検表 | D21: 3 | E21: 無線通信の接続確認 | F21: ○× | G21: 〇

Sheet アクションマスタ
A1: アクションID | B1: アクション名 | C1: ステータス更新 | D1: 点検日更新 | E1: 有効 | F1: 備考
A2: ACT001 | B2: 導入 | C2: 稼働中 | D2: 更新しない | E2: 〇 | F2: 機器マスタに新規追加
A3: ACT002 | B3: 部署点検 | C3: 変更なし | D3: 最終点検日 | E3: 〇 | F3: 点検結果を登録
A4: ACT003 | B4: 業者点検 | C4: 変更なし | D4: 最終業者点検日 | E4: 〇 | F4: 点検結果を登録
A5: ACT004 | B5: 校正 | C5: 変更なし | D5: 最終業者点検日 | E5: 〇
A6: ACT005 | B6: 故障報告 | C6: 故障中 | D6: 更新しない | E6: 〇
A7: ACT006 | B7: 故障出し | C7: 修理中 | D7: 更新しない | E7: 〇 | F7: 院外へ搬出
A8: ACT007 | B8: 故障復帰 | C8: 稼働中 | D8: 更新しない | E8: 〇 | F8: 修理完了・返却
A9: ACT008 | B9: 移設 | C9: 変更なし | D9: 更新しない | E9: 〇 | F9: 部署・保管場所を更新
A10: ACT009 | B10: 貸出 | C10: 貸出中 | D10: 更新しない | E10: 〇 | F10: 部署・保管場所は変更しない
A11: ACT010 | B11: 返却 | C11: 稼働中 | D11: 更新しない | E11: 〇 | F11: 部署・保管場所は変更しない
A12: ACT011 | B12: 廃棄・紛失 | C12: 廃棄 | D12: 更新しない | E12: 〇 | F12: ステータスは廃棄／紛失で分岐

Sheet ユーザーマスタ
A1: 職員番号 | B1: ユーザー名 | C1: 部署ID | D1: 部署名 | E1: 権限 | F1: 有効 | G1: 備考
A2: 10234 | B2: 佐藤 健一 | C2: DEP001 | D2: =IFERROR(VLOOKUP($C2,部署マスタ!$A:$B,2,FALSE)&"","") -> 理学診療部 | E2: 一般 | F2: 〇
A3: 10567 | B3: 鈴木 美和 | C3: DEP002 | D3: =IFERROR(VLOOKUP($C3,部署マスタ!$A:$B,2,FALSE)&"","") -> 外来看護部 | E3: 一般 | F3: 〇
A4: 10891 | B4: 高橋 直樹 | C4: DEP003 | D4: =IFERROR(VLOOKUP($C4,部署マスタ!$A:$B,2,FALSE)&"","") -> 画像検査部 | E4: 管理者 | F4: 〇 | G4: 医療機器安全委員
A5: 11002 | B5: 田中 彩 | C5: DEP004 | D5: =IFERROR(VLOOKUP($C5,部署マスタ!$A:$B,2,FALSE)&"","") -> 臨床検査部 | E5: 一般 | F5: 〇
A6: 11145 | B6: 伊藤 亮 | C6: DEP001 | D6: =IFERROR(VLOOKUP($C6,部署マスタ!$A:$B,2,FALSE)&"","") -> 理学診療部 | E6: 管理者 | F6: 〇 | G6: 医療機器安全管理責任者
A7: 11210 | B7: 渡辺 久美 | C7: DEP005 | D7: =IFERROR(VLOOKUP($C7,部署マスタ!$A:$B,2,FALSE)&"","") -> 1F病棟 | E7: 一般 | F7: 〇
A8: 11288 | B8: 松本 拓海 | C8: DEP005 | D8: =IFERROR(VLOOKUP($C8,部署マスタ!$A:$B,2,FALSE)&"","") -> 1F病棟 | E8: 一般 | F8: 〇
A9: 11342 | B9: 山口 千尋 | C9: DEP006 | D9: =IFERROR(VLOOKUP($C9,部署マスタ!$A:$B,2,FALSE)&"","") -> 3F回復期病棟 | E9: 一般 | F9: 〇
A10: 11407 | B10: 中村 大輔 | C10: DEP007 | D10: =IFERROR(VLOOKUP($C10,部署マスタ!$A:$B,2,FALSE)&"","") -> 総務部 | E10: 管理者 | F10: 〇
A11: 11455 | B11: 小林 真一 | C11: DEP008 | D11: =IFERROR(VLOOKUP($C11,部署マスタ!$A:$B,2,FALSE)&"","") -> 内科 | E11: 一般 | F11: 〇
A12: 11512 | B12: 加藤 綾子 | C12: DEP009 | D12: =IFERROR(VLOOKUP($C12,部署マスタ!$A:$B,2,FALSE)&"","") -> 薬剤部 | E12: 一般 | F12: 〇
A13: 11580 | B13: 吉田 聡 | C13: DEP010 | D13: =IFERROR(VLOOKUP($C13,部署マスタ!$A:$B,2,FALSE)&"","") -> 管理部 | E13: 一般 | F13: 〇
A14: 11634 | B14: 清水 由美 | C14: DEP001 | D14: =IFERROR(VLOOKUP($C14,部署マスタ!$A:$B,2,FALSE)&"","") -> 理学診療部 | E14: 一般 | F14: 〇
A15: 11702 | B15: 森田 健太 | C15: DEP002 | D15: =IFERROR(VLOOKUP($C15,部署マスタ!$A:$B,2,FALSE)&"","") -> 外来看護部 | E15: 一般 | F15: 〇
A16: 11766 | B16: 岡田 里奈 | C16: DEP003 | D16: =IFERROR(VLOOKUP($C16,部署マスタ!$A:$B,2,FALSE)&"","") -> 画像検査部 | E16: 一般 | F16: 〇
A17: 11823 | B17: 長谷川 修 | C17: DEP003 | D17: =IFERROR(VLOOKUP($C17,部署マスタ!$A:$B,2,FALSE)&"","") -> 画像検査部 | E17: 一般 | F17: 〇
A18: 11890 | B18: 原 奈緒 | C18: DEP004 | D18: =IFERROR(VLOOKUP($C18,部署マスタ!$A:$B,2,FALSE)&"","") -> 臨床検査部 | E18: 一般 | F18: 〇
... A20: 12011 | B20: 福田 麻衣 | C20: DEP006 | D20: =IFERROR(VLOOKUP($C20,部署マスタ!$A:$B,2,FALSE)&"","") -> 3F回復期病棟 | E20: 一般 | F20: 〇
A21: 12078 | B21: 大野 俊介 | C21: DEP007 | D21: =IFERROR(VLOOKUP($C21,部署マスタ!$A:$B,2,FALSE)&"","") -> 総務部 | E21: 一般 | F21: 〇 | G21: 医療機器安全委員

Sheet 医療機器履歴
A1: 履歴ID | B1: 管理番号 | C1: アクションID | D1: 職員番号(実施者) | E1: 部署ID | F1: 保管場所ID | G1: 点検表ID | H1: 登録日時 | I1: 実施日 | J1: 総合判定 | K1: 故障内容／対応内容 | L1: ファイルBOXID | M1: 備考
A2: HIS000001 | B2: A1403 | C2: ACT001 | D2: 11145 | E2: DEP001 | F2: LOC004 | H2: 40525.385 | I2: 40525 | M2: 納品・受入時
A3: HIS000002 | B3: A1403 | C3: ACT002 | D3: 10234 | E3: DEP001 | F3: LOC004 | G3: CHK015 | H3: 46272.42 | I3: 46272 | J3: OK
A4: HIS000003 | B4: A2559 | C4: ACT002 | D4: 11210 | E4: DEP005 | F4: LOC005 | G4: CHK007 | H4: 46279.368 | I4: 46279 | J4: OK | M4: バッテリ残量 正常
A5: HIS000004 | B5: A2559 | C5: ACT003 | D5: 11407 | E5: DEP005 | F5: LOC005 | G5: CHK007 | H5: 46132.583 | I5: 46132 | J5: OK | M5: メーカー定期点検
A6: HIS000005 | B6: A1704 | C6: ACT002 | D6: 10234 | E6: DEP001 | F6: LOC004 | G6: CHK003 | H6: 46069.378 | I6: 46069 | J6: OK
A7: HIS000006 | B7: A1704 | C7: ACT005 | D7: 10234 | E7: DEP001 | F7: LOC004 | H7: 46254.604 | I7: 46254 | J7: NG | K7: カフの加圧が安定しない
A8: HIS000007 | B8: A2956 | C8: ACT003 | D8: 10891 | E8: DEP003 | F8: LOC017 | G8: CHK004 | H8: 46160.556 | I8: 46160 | J8: OK | M8: メーカー定期点検
A9: HIS000008 | B9: A2956 | C9: ACT002 | D9: 11766 | E9: DEP003 | F9: LOC017 | G9: CHK004 | H9: 46239.396 | I9: 46239 | J9: OK
A10: HIS000009 | B10: A1409 | C10: ACT002 | D10: 11634 | E10: DEP001 | F10: LOC004 | G10: CHK001 | H10: 46153.715 | I10: 46153 | J10: OK
A11: HIS000010 | B11: A2269 | C11: ACT002 | D11: 10234 | E11: DEP001 | F11: LOC004 | H11: 46225.375 | I11: 46225 | J11: OK
A12: HIS000011 | B12: A2487 | C12: ACT002 | D12: 11634 | E12: DEP001 | F12: LOC004 | H12: 46041.694 | I12: 46041 | J12: OK
A13: HIS000012 | B13: A3293 | C13: ACT002 | D13: 11002 | E13: DEP004 | F13: LOC018 | H13: 46245.469 | I13: 46245 | J13: OK
A14: HIS000013 | B14: A3293 | C14: ACT003 | D14: 11890 | E14: DEP004 | F14: LOC018 | H14: 46083.625 | I14: 46083 | J14: OK | M14: メーカー定期点検
A15: HIS000014 | B15: A3294 | C15: ACT003 | D15: 11890 | E15: DEP004 | F15: LOC018 | H15: 46077.646 | I15: 46077 | J15: OK | M15: 本体と同時実施
A16: HIS000015 | B16: A1706 | C16: ACT002 | D16: 10234 | E16: DEP001 | F16: LOC004 | H16: 46188.431 | I16: 46188 | J16: OK
A17: HIS000016 | B17: A2771 | C17: ACT002 | D17: 11944 | E17: DEP005 | F17: LOC006 | H17: 46266.354 | I17: 46266 | J17: OK
A18: HIS000017 | B18: A1708 | C18: ACT002 | D18: 11634 | E18: DEP001 | F18: LOC004 | H18: 46062.573 | I18: 46062 | J18: OK
A19: HIS000018 | B19: A1786 | C19: ACT002 | D19: 11823 | E19: DEP003 | F19: LOC012 | H19: 46293.75 | I19: 46293 | J19: OK
A20: HIS000019 | B20: A1725 | C20: ACT002 | D20: 10234 | E20: DEP001 | F20: LOC004 | H20: 46167.674 | I20: 46167 | J20: OK
A21: HIS000020 | B21: A2980 | C21: ACT002 | D21: 11634 | E21: DEP001 | F21: LOC003 | H21: 46289.406 | I21: 46289 | J21: OK
A22: HIS000021 | B22: A3292 | C22: ACT002 | D22: 11002 | E22: DEP004 | F22: LOC018 | H22: 46233.597 | I22: 46233 | J22: OK
A23: HIS000022 | B23: A2320 | C23: ACT002 | D23: 11702 | E23: DEP002 | F23: LOC020 | H23: 46281.417 | I23: 46281 | J23: OK
A24: HIS000023 | B24: A2034 | C24: ACT002 | D24: 11702 | E24: DEP002 | F24: LOC015 | H24: 46267.479 | I24: 46267 | J24: OK
A25: HIS000024 | B25: A2333 | C25: ACT008 | D25: 11145 | E25: DEP001 | F25: LOC003 | H25: 46098.639 | I25: 46098 | M25: 市川→西船へ移設
A26: HIS000025 | B26: A2642 | C26: ACT011 | D26: 10891 | E26: DEP003 | F26: LOC019 | H26: 46203.708 | I26: 46203 | K26: 更新機へ入替のため廃棄

Sheet 点検結果
A1: 履歴ID | B1: 点検項目ID | C1: 入力値
A2: HIS000002 | B2: ITM001 | C2: ○
A3: HIS000002 | B3: ITM002 | C3: ○
A4: HIS000002 | B4: ITM003 | C4: 12
A5: HIS000002 | B5: ITM004 | C5: ○
A6: HIS000002 | B6: ITM005 | C6: ○
A7: HIS000003 | B7: ITM006 | C7: ○
A8: HIS000003 | B8: ITM007 | C8: 2027/03
A9: HIS000003 | B9: ITM008 | C9: 2028/01
A10: HIS000003 | B10: ITM009 | C10: ○
A11: HIS000003 | B11: ITM010 | C11: ○
A12: HIS000005 | B12: ITM011 | C12: ○
A13: HIS000005 | B13: ITM012 | C13: ○
A14: HIS000005 | B14: ITM013 | C14: ○
A15: HIS000005 | B15: ITM014 | C15: 2
A16: HIS000009 | B16: ITM015 | C16: ○
A17: HIS000009 | B17: ITM016 | C17: ○
A18: HIS000009 | B18: ITM017 | C18: ○
A19: HIS000008 | B19: ITM018 | C19: ○
A20: HIS000008 | B20: ITM019 | C20: ○
A21: HIS000008 | B21: ITM020 | C21: ○

Sheet 医療機器管理台帳(View)
A1: 管理番号 | B1: 機器名 | C1: 機器区分 | D1: メーカー | E1: 型番 | F1: 製造番号 | G1: 設置部署 | H1: 保管場所 | I1: ステータス | J1: 最終点検日 | K1: 次回点検予定日 | L1: 最終業者点検日 | M1: 次回業者点検予定日 | N1: 経過年数 | O1: 特定保守管理医療機器 | P1: クラス分類 | Q1: ファイルBOX | R1: 備考
A2: =IFERROR(機器マスタ!A2&"","") -> A1403 | B2: =IFERROR(VLOOKUP($A2,機器マスタ!$A:$U,2,FALSE)&"","") -> スーパーテクトロン HX606 | C2: =IFERROR(VLOOKUP($A2,機器マスタ!$A:$U,4,FALSE)&"","") -> 高周波 | D2: =IFERROR(VLOOKUP($A2,機器マスタ!$A:$U,6,FALSE)&"","") -> テクノリンク | E2: =IFERROR(VLOOKUP($A2,機器マスタ!$A:$U,8,FALSE)&"","") -> HX606 | F2: =IFERROR(VLOOKUP($A2,機器マスタ!$A:$U,9,FALSE)&"","") -> 420854N | G2: =IFERROR(VLOOKUP($A2,機器マスタ!$A:$U,15,FALSE)&"","") -> 理学診療部 | H2: =IFERROR(VLOOKUP($A2,機器マスタ!$A:$U,17,FALSE)&"","") -> リハビリ室 | I2: =IFERROR(VLOOKUP($A2,機器マスタ!$A:$U,19,FALSE)&"","") -> 稼働中 | J2: =IF(SUMPRODUCT(MAX((医療機器履歴!$B$2:$B$500=$A2)*(医療機器履歴!$C$2:$C$500="ACT002")*医療機器履歴!$I$2:$I$500))=0,"",SUMPRODUCT(MAX((医療機器履歴!$B$2:$B$500=$A2)*(医療機器履歴!$C$2:$C$500="ACT002")*医療機器履歴!$I$2:$I$500))) -> 46272 | K2: =IFERROR(IF($J2="","",EDATE($J2,VLOOKUP(VLOOKUP($A2,機器マスタ!$A:$U,3,FALSE),機器区分マスタ!$A:$G,6,FALSE))),"") -> 46302 | L2: =IF(SUMPRODUCT(MAX((医療機器履歴!$B$2:$B$500=$A2)*(医療機器履歴!$C$2:$C$500="ACT003")*医療機器履歴!$I$2:$I$500))=0,"",SUMPRODUCT(MAX((医療機器履歴!$B$2:$B$500=$A2)*(医療機器履歴!$C$2:$C$500="ACT003")*医療機器履歴!$I$2:$I$500))) | M2: =IFERROR(IF(OR($L2="",N(VLOOKUP(VLOOKUP($A2,機器マスタ!$A:$U,3,FALSE),機器区分マスタ!$A:$G,7,FALSE))=0),"",EDATE($L2,VLOOKUP(VLOOKUP($A2,機器マスタ!$A:$U,3,FALSE),機器区分マスタ!$A:$G,7,FALSE))),"") | N2: =IFERROR(DATEDIF(VLOOKUP($A2,機器マスタ!$A:$U,11,FALSE),TODAY(),"Y"),"") -> 15 | O2: =IFERROR(VLOOKUP(VLOOKUP($A2,機器マスタ!$A:$U,3,FALSE),機器区分マスタ!$A:$C,3,FALSE)&"","") -> 〇 | P2: =IFERROR(VLOOKUP($A2,機器マスタ!$A:$U,7,FALSE)&"","") -> Ⅱ | Q2: =IFERROR(VLOOKUP($A2,機器マスタ!$A:$U,20,FALSE)&"","") -> BOX0001 | R2: =IFERROR(VLOOKUP($A2,機器マスタ!$A:$U,21,FALSE)&"","") -> 取説あり
A3: =IFERROR(機器マスタ!A3&"","") -> A1409 | B3: =IFERROR(VLOOKUP($A3,機器マスタ!$A:$U,2,FALSE)&"","") -> 診察台 EX-SD2S | C3: =IFERROR(VLOOKUP($A3,機器マスタ!$A:$U,4,FALSE)&"","") -> 診察台（電動式） | D3: =IFERROR(VLOOKUP($A3,機器マスタ!$A:$U,6,FALSE)&"","") -> タカラベルモント | E3: =IFERROR(VLOOKUP($A3,機器マスタ!$A:$U,8,FALSE)&"","") -> EX-SD2S | F3: =IFERROR(VLOOKUP($A3,機器マスタ!$A:$U,9,FALSE)&"","") -> BA13D0204 | G3: =IFERROR(VLOOKUP($A3,機器マスタ!$A:$U,15,FALSE)&"","") -> 理学診療部 | H3: =IFERROR(VLOOKUP($A3,機器マスタ!$A:$U,17,FALSE)&"","") -> リハビリ室 | I3: =IFERROR(VLOOKUP($A3,機器マスタ!$A:$U,19,FALSE)&"","") -> 稼働中 | J3: =IF(SUMPRODUCT(MAX((医療機器履歴!$B$2:$B$500=$A3)*(医療機器履歴!$C$2:$C$500="ACT002")*医療機器履歴!$I$2:$I$500))=0,"",SUMPRODUCT(MAX((医療機器履歴!$B$2:$B$500=$A3)*(医療機器履歴!$C$2:$C$500="ACT002")*医療機器履歴!$I$2:$I$500))) -> 46153 | K3: =IFERROR(IF($J3="","",EDATE($J3,VLOOKUP(VLOOKUP($A3,機器マスタ!$A:$U,3,FALSE),機器区分マスタ!$A:$G,6,FALSE))),"") -> 46337 | L3: =IF(SUMPRODUCT(MAX((医療機器履歴!$B$2:$B$500=$A3)*(医療機器履歴!$C$2:$C$500="ACT003")*医療機器履歴!$I$2:$I$500))=0,"",SUMPRODUCT(MAX((医療機器履歴!$B$2:$B$500=$A3)*(医療機器履歴!$C$2:$C$500="ACT003")*医療機器履歴!$I$2:$I$500))) | M3: =IFERROR(IF(OR($L3="",N(VLOOKUP(VLOOKUP($A3,機器マスタ!$A:$U,3,FALSE),機器区分マスタ!$A:$G,7,FALSE))=0),"",EDATE($L3,VLOOKUP(VLOOKUP($A3,機器マスタ!$A:$U,3,FALSE),機器区分マスタ!$A:$G,7,FALSE))),"") | N3: =IFERROR(DATEDIF(VLOOKUP($A3,機器マスタ!$A:$U,11,FALSE),TODAY(),"Y"),"") -> 15 | O3: =IFERROR(VLOOKUP(VLOOKUP($A3,機器マスタ!$A:$U,3,FALSE),機器区分マスタ!$A:$C,3,FALSE)&"","") | P3: =IFERROR(VLOOKUP($A3,機器マスタ!$A:$U,7,FALSE)&"","") -> Ⅰ | Q3: =IFERROR(VLOOKUP($A3,機器マスタ!$A:$U,20,FALSE)&"","") -> BOX0002 | R3: =IFERROR(VLOOKUP($A3,機器マスタ!$A:$U,21,FALSE)&"","") -> 取説あり
A4: =IFERROR(機器マスタ!A4&"","") -> A1704 | B4: =IFERROR(VLOOKUP($A4,機器マスタ!$A:$U,2,FALSE)&"","") -> 電子血圧計 CH-453F | C4: =IFERROR(VLOOKUP($A4,機器マスタ!$A:$U,4,FALSE)&"","") -> 電子血圧計 | D4: =IFERROR(VLOOKUP($A4,機器マスタ!$A:$U,6,FALSE)&"","") -> シチズン | E4: =IFERROR(VLOOKUP($A4,機器マスタ!$A:$U,8,FALSE)&"","") -> CH-453F | F4: =IFERROR(VLOOKUP($A4,機器マスタ!$A:$U,9,FALSE)&"","") -> 22991 | G4: =IFERROR(VLOOKUP($A4,機器マスタ!$A:$U,15,FALSE)&"","") -> 理学診療部 | H4: =IFERROR(VLOOKUP($A4,機器マスタ!$A:$U,17,FALSE)&"","") -> リハビリ室 | I4: =IFERROR(VLOOKUP($A4,機器マスタ!$A:$U,19,FALSE)&"","") -> 故障中 | J4: =IF(SUMPRODUCT(MAX((医療機器履歴!$B$2:$B$500=$A4)*(医療機器履歴!$C$2:$C$500="ACT002")*医療機器履歴!$I$2:$I$500))=0,"",SUMPRODUCT(MAX((医療機器履歴!$B$2:$B$500=$A4)*(医療機器履歴!$C$2:$C$500="ACT002")*医療機器履歴!$I$2:$I$500))) -> 46069 | K4: =IFERROR(IF($J4="","",EDATE($J4,VLOOKUP(VLOOKUP($A4,機器マスタ!$A:$U,3,FALSE),機器区分マスタ!$A:$G,6,FALSE))),"") -> 46097 | L4: =IF(SUMPRODUCT(MAX((医療機器履歴!$B$2:$B$500=$A4)*(医療機器履歴!$C$2:$C$500="ACT003")*医療機器履歴!$I$2:$I$500))=0,"",SUMPRODUCT(MAX((医療機器履歴!$B$2:$B$500=$A4)*(医療機器履歴!$C$2:$C$500="ACT003")*医療機器履歴!$I$2:$I$500))) | M4: =IFERROR(IF(OR($L4="",N(VLOOKUP(VLOOKUP($A4,機器マスタ!$A:$U,3,FALSE),機器区分マスタ!$A:$G,7,FALSE))=0),"",EDATE($L4,VLOOKUP(VLOOKUP($A4,機器マスタ!$A:$U,3,FALSE),機器区分マスタ!$A:$G,7,FALSE))),"") | N4: =IFERROR(DATEDIF(VLOOKUP($A4,機器マスタ!$A:$U,11,FALSE),TODAY(),"Y"),"") -> 12 | O4: =IFERROR(VLOOKUP(VLOOKUP($A4,機器マスタ!$A:$U,3,FALSE),機器区分マスタ!$A:$C,3,FALSE)&"","") -> 〇 | P4: =IFERROR(VLOOKUP($A4,機器マスタ!$A:$U,7,FALSE)&"","") -> Ⅱ | Q4: =IFERROR(VLOOKUP($A4,機器マスタ!$A:$U,20,FALSE)&"","") -> BOX0003 | R4: =IFERROR(VLOOKUP($A4,機器マスタ!$A:$U,21,FALSE)&"","")
A5: =IFERROR(機器マスタ!A5&"","") -> A1706 | B5: =IFERROR(VLOOKUP($A5,機器マスタ!$A:$U,2,FALSE)&"","") -> 握力計 GRIP D | C5: =IFERROR(VLOOKUP($A5,機器マスタ!$A:$U,4,FALSE)&"","") -> 電子握力計 | D5: =IFERROR(VLOOKUP($A5,機器マスタ!$A:$U,6,FALSE)&"","") -> 竹井機器工業 | E5: =IFERROR(VLOOKUP($A5,機器マスタ!$A:$U,8,FALSE)&"","") -> GRIP-D | F5: =IFERROR(VLOOKUP($A5,機器マスタ!$A:$U,9,FALSE)&"","") -> 73180072 | G5: =IFERROR(VLOOKUP($A5,機器マスタ!$A:$U,15,FALSE)&"","") -> 理学診療部 | H5: =IFERROR(VLOOKUP($A5,機器マスタ!$A:$U,17,FALSE)&"","") -> リハビリ室 | I5: =IFERROR(VLOOKUP($A5,機器マスタ!$A:$U,19,FALSE)&"","") -> 稼働中 | J5: =IF(SUMPRODUCT(MAX((医療機器履歴!$B$2:$B$500=$A5)*(医療機器履歴!$C$2:$C$500="ACT002")*医療機器履歴!$I$2:$I$500))=0,"",SUMPRODUCT(MAX((医療機器履歴!$B$2:$B$500=$A5)*(医療機器履歴!$C$2:$C$500="ACT002")*医療機器履歴!$I$2:$I$500))) -> 46188 | K5: =IFERROR(IF($J5="","",EDATE($J5,VLOOKUP(VLOOKUP($A5,機器マスタ!$A:$U,3,FALSE),機器区分マスタ!$A:$G,6,FALSE))),"") -> 46553 | L5: =IF(SUMPRODUCT(MAX((医療機器履歴!$B$2:$B$500=$A5)*(医療機器履歴!$C$2:$C$500="ACT003")*医療機器履歴!$I$2:$I$500))=0,"",SUMPRODUCT(MAX((医療機器履歴!$B$2:$B$500=$A5)*(医療機器履歴!$C$2:$C$500="ACT003")*医療機器履歴!$I$2:$I$500))) | M5: =IFERROR(IF(OR($L5="",N(VLOOKUP(VLOOKUP($A5,機器マスタ!$A:$U,3,FALSE),機器区分マスタ!$A:$G,7,FALSE))=0),"",EDATE($L5,VLOOKUP(VLOOKUP($A5,機器マスタ!$A:$U,3,FALSE),機器区分マスタ!$A:$G,7,FALSE))),"") | N5: =IFERROR(DATEDIF(VLOOKUP($A5,機器マスタ!$A:$U,11,FALSE),TODAY(),"Y"),"") -> 12 | O5: =IFERROR(VLOOKUP(VLOOKUP($A5,機器マスタ!$A:$U,3,FALSE),機器区分マスタ!$A:$C,3,FALSE)&"","") | P5: =IFERROR(VLOOKUP($A5,機器マスタ!$A:$U,7,FALSE)&"","") | Q5: =IFERROR(VLOOKUP($A5,機器マスタ!$A:$U,20,FALSE)&"","") -> BOX0004 | R5: =IFERROR(VLOOKUP($A5,機器マスタ!$A:$U,21,FALSE)&"","")
A6: =IFERROR(機器マスタ!A6&"","") -> A1708 | B6: =IFERROR(VLOOKUP($A6,機器マスタ!$A:$U,2,FALSE)&"","") -> 電子体温計 MC-674 | C6: =IFERROR(VLOOKUP($A6,機器マスタ!$A:$U,4,FALSE)&"","") -> 電子体温計 | D6: =IFERROR(VLOOKUP($A6,機器マスタ!$A:$U,6,FALSE)&"","") -> オムロン | E6: =IFERROR(VLOOKUP($A6,機器マスタ!$A:$U,8,FALSE)&"","") -> MC-674 | F6: =IFERROR(VLOOKUP($A6,機器マスタ!$A:$U,9,FALSE)&"","") -> 221AGBZX00103000 | G6: =IFERROR(VLOOKUP($A6,機器マスタ!$A:$U,15,FALSE)&"","") -> 理学診療部 | H6: =IFERROR(VLOOKUP($A6,機器マスタ!$A:$U,17,FALSE)&"","") -> リハビリ室 | I6: =IFERROR(VLOOKUP($A6,機器マスタ!$A:$U,19,FALSE)&"","") -> 稼働中 | J6: =IF(SUMPRODUCT(MAX((医療機器履歴!$B$2:$B$500=$A6)*(医療機器履歴!$C$2:$C$500="ACT002")*医療機器履歴!$I$2:$I$500))=0,"",SUMPRODUCT(MAX((医療機器履歴!$B$2:$B$500=$A6)*(医療機器履歴!$C$2:$C$500="ACT002")*医療機器履歴!$I$2:$I$500))) -> 46062 | K6: =IFERROR(IF($J6="","",EDATE($J6,VLOOKUP(VLOOKUP($A6,機器マスタ!$A:$U,3,FALSE),機器区分マスタ!$A:$G,6,FALSE))),"") -> 46427 | L6: =IF(SUMPRODUCT(MAX((医療機器履歴!$B$2:$B$500=$A6)*(医療機器履歴!$C$2:$C$500="ACT003")*医療機器履歴!$I$2:$I$500))=0,"",SUMPRODUCT(MAX((医療機器履歴!$B$2:$B$500=$A6)*(医療機器履歴!$C$2:$C$500="ACT003")*医療機器履歴!$I$2:$I$500))) | M6: =IFERROR(IF(OR($L6="",N(VLOOKUP(VLOOKUP($A6,機器マスタ!$A:$U,3,FALSE),機器区分マスタ!$A:$G,7,FALSE))=0),"",EDATE($L6,VLOOKUP(VLOOKUP($A6,機器マスタ!$A:$U,3,FALSE),機器区分マスタ!$A:$G,7,FALSE))),"") | N6: =IFERROR(DATEDIF(VLOOKUP($A6,機器マスタ!$A:$U,11,FALSE),TODAY(),"Y"),"") -> 12 | O6: =IFERROR(VLOOKUP(VLOOKUP($A6,機器マスタ!$A:$U,3,FALSE),機器区分マスタ!$A:$C,3,FALSE)&"","") -> 〇 | P6: =IFERROR(VLOOKUP($A6,機器マスタ!$A:$U,7,FALSE)&"","") -> Ⅱ | Q6: =IFERROR(VLOOKUP($A6,機器マスタ!$A:$U,20,FALSE)&"","") -> BOX0005 | R6: =IFERROR(VLOOKUP($A6,機器マスタ!$A:$U,21,FALSE)&"","")
A7: =IFERROR(機器マスタ!A7&"","") -> A1725 | B7: =IFERROR(VLOOKUP($A7,機器マスタ!$A:$U,2,FALSE)&"","") -> CORDLESS BIKE V77i | C7: =IFERROR(VLOOKUP($A7,機器マスタ!$A:$U,4,FALSE)&"","") -> エルゴメーター | D7: =IFERROR(VLOOKUP($A7,機器マスタ!$A:$U,6,FALSE)&"","") -> セノー | E7: =IFERROR(VLOOKUP($A7,機器マスタ!$A:$U,8,FALSE)&"","") -> V77i | F7: =IFERROR(VLOOKUP($A7,機器マスタ!$A:$U,9,FALSE)&"","") -> BG862M30-302011051 | G7: =IFERROR(VLOOKUP($A7,機器マスタ!$A:$U,15,FALSE)&"","") -> 理学診療部 | H7: =IFERROR(VLOOKUP($A7,機器マスタ!$A:$U,17,FALSE)&"","") -> リハビリ室 | I7: =IFERROR(VLOOKUP($A7,機器マスタ!$A:$U,19,FALSE)&"","") -> 稼働中 | J7: =IF(SUMPRODUCT(MAX((医療機器履歴!$B$2:$B$500=$A7)*(医療機器履歴!$C$2:$C$500="ACT002")*医療機器履歴!$I$2:$I$500))=0,"",SUMPRODUCT(MAX((医療機器履歴!$B$2:$B$500=$A7)*(医療機器履歴!$C$2:$C$500="ACT002")*医療機器履歴!$I$2:$I$500))) -> 46167 | K7: =IFERROR(IF($J7="","",EDATE($J7,VLOOKUP(VLOOKUP($A7,機器マスタ!$A:$U,3,FALSE),機器区分マスタ!$A:$G,6,FALSE))),"") -> 46351 | L7: =IF(SUMPRODUCT(MAX((医療機器履歴!$B$2:$B$500=$A7)*(医療機器履歴!$C$2:$C$500="ACT003")*医療機器履歴!$I$2:$I$500))=0,"",SUMPRODUCT(MAX((医療機器履歴!$B$2:$B$500=$A7)*(医療機器履歴!$C$2:$C$500="ACT003")*医療機器履歴!$I$2:$I$500))) | M7: =IFERROR(IF(OR($L7="",N(VLOOKUP(VLOOKUP($A7,機器マスタ!$A:$U,3,FALSE),機器区分マスタ!$A:$G,7,FALSE))=0),"",EDATE($L7,VLOOKUP(VLOOKUP($A7,機器マスタ!$A:$U,3,FALSE),機器区分マスタ!$A:$G,7,FALSE))),"") | N7: =IFERROR(DATEDIF(VLOOKUP($A7,機器マスタ!$A:$U,11,FALSE),TODAY(),"Y"),"") -> 12 | O7: =IFERROR(VLOOKUP(VLOOKUP($A7,機器マスタ!$A:$U,3,FALSE),機器区分マスタ!$A:$C,3,FALSE)&"","") | P7: =IFERROR(VLOOKUP($A7,機器マスタ!$A:$U,7,FALSE)&"","") | Q7: =IFERROR(VLOOKUP($A7,機器マスタ!$A:$U,20,FALSE)&"","") -> BOX0006 | R7: =IFERROR(VLOOKUP($A7,機器マスタ!$A:$U,21,FALSE)&"","")
A8: =IFERROR(機器マスタ!A8&"","") -> A1786 | B8: =IFERROR(VLOOKUP($A8,機器マスタ!$A:$U,2,FALSE)&"","") -> RADspeed Pro | C8: =IFERROR(VLOOKUP($A8,機器マスタ!$A:$U,4,FALSE)&"","") -> X線発生装置 | D8: =IFERROR(VLOOKUP($A8,機器マスタ!$A:$U,6,FALSE)&"","") -> 島津製作所 | E8: =IFERROR(VLOOKUP($A8,機器マスタ!$A:$U,8,FALSE)&"","") -> RADspeed-Pro | F8: =IFERROR(VLOOKUP($A8,機器マスタ!$A:$U,9,FALSE)&"","") -> 41E215A73005 | G8: =IFERROR(VLOOKUP($A8,機器マスタ!$A:$U,15,FALSE)&"","") -> 画像検査部 | H8: =IFERROR(VLOOKUP($A8,機器マスタ!$A:$U,17,FALSE)&"","") -> 第1撮影室 | I8: =IFERROR(VLOOKUP($A8,機器マスタ!$A:$U,19,FALSE)&"","") -> 稼働中 | J8: =IF(SUMPRODUCT(MAX((医療機器履歴!$B$2:$B$500=$A8)*(医療機器履歴!$C$2:$C$500="ACT002")*医療機器履歴!$I$2:$I$500))=0,"",SUMPRODUCT(MAX((医療機器履歴!$B$2:$B$500=$A8)*(医療機器履歴!$C$2:$C$500="ACT002")*医療機器履歴!$I$2:$I$500))) -> 46293 | K8: =IFERROR(IF($J8="","",EDATE($J8,VLOOKUP(VLOOKUP($A8,機器マスタ!$A:$U,3,FALSE),機器区分マスタ!$A:$G,6,FALSE))),"") -> 46384 | L8: =IF(SUMPRODUCT(MAX((医療機器履歴!$B$2:$B$500=$A8)*(医療機器履歴!$C$2:$C$500="ACT003")*医療機器履歴!$I$2:$I$500))=0,"",SUMPRODUCT(MAX((医療機器履歴!$B$2:$B$500=$A8)*(医療機器履歴!$C$2:$C$500="ACT003")*医療機器履歴!$I$2:$I$500))) | M8: =IFERROR(IF(OR($L8="",N(VLOOKUP(VLOOKUP($A8,機器マスタ!$A:$U,3,FALSE),機器区分マスタ!$A:$G,7,FALSE))=0),"",EDATE($L8,VLOOKUP(VLOOKUP($A8,機器マスタ!$A:$U,3,FALSE),機器区分マスタ!$A:$G,7,FALSE))),"") | N8: =IFERROR(DATEDIF(VLOOKUP($A8,機器マスタ!$A:$U,11,FALSE),TODAY(),"Y"),"") -> 9 | O8: =IFERROR(VLOOKUP(VLOOKUP($A8,機器マスタ!$A:$U,3,FALSE),機器区分マスタ!$A:$C,3,FALSE)&"","") -> 〇 | P8: =IFERROR(VLOOKUP($A8,機器マスタ!$A:$U,7,FALSE)&"","") -> Ⅱ | Q8: =IFERROR(VLOOKUP($A8,機器マスタ!$A:$U,20,FALSE)&"","") -> BOX0007 | R8: =IFERROR(VLOOKUP($A8,機器マスタ!$A:$U,21,FALSE)&"","") -> フルメンテ保守
A9: =IFERROR(機器マスタ!A9&"","") -> A2034 | B9: =IFERROR(VLOOKUP($A9,機器マスタ!$A:$U,2,FALSE)&"","") -> ベッドサイドモニタ PVM-2701 | C9: =IFERROR(VLOOKUP($A9,機器マスタ!$A:$U,4,FALSE)&"","") -> 生体情報モニタ（ﾍﾞｯﾄﾞｻｲﾄﾞﾓﾆﾀ） | D9: =IFERROR(VLOOKUP($A9,機器マスタ!$A:$U,6,FALSE)&"","") -> 日本光電 | E9: =IFERROR(VLOOKUP($A9,機器マスタ!$A:$U,8,FALSE)&"","") -> PVM-2701 | F9: =IFERROR(VLOOKUP($A9,機器マスタ!$A:$U,9,FALSE)&"","") -> 22300BZX00461000 | G9: =IFERROR(VLOOKUP($A9,機器マスタ!$A:$U,15,FALSE)&"","") -> 外来看護部 | H9: =IFERROR(VLOOKUP($A9,機器マスタ!$A:$U,17,FALSE)&"","") -> 検査室 | I9: =IFERROR(VLOOKUP($A9,機器マスタ!$A:$U,19,FALSE)&"","") -> 稼働中 | J9: =IF(SUMPRODUCT(MAX((医療機器履歴!$B$2:$B$500=$A9)*(医療機器履歴!$C$2:$C$500="ACT002")*医療機器履歴!$I$2:$I$500))=0,"",SUMPRODUCT(MAX((医療機器履歴!$B$2:$B$500=$A9)*(医療機器履歴!$C$2:$C$500="ACT002")*医療機器履歴!$I$2:$I$500))) -> 46267 | K9: =IFERROR(IF($J9="","",EDATE($J9,VLOOKUP(VLOOKUP($A9,機器マスタ!$A:$U,3,FALSE),機器区分マスタ!$A:$G,6,FALSE))),"") -> 46297 | L9: =IF(SUMPRODUCT(MAX((医療機器履歴!$B$2:$B$500=$A9)*(医療機器履歴!$C$2:$C$500="ACT003")*医療機器履歴!$I$2:$I$500))=0,"",SUMPRODUCT(MAX((医療機器履歴!$B$2:$B$500=$A9)*(医療機器履歴!$C$2:$C$500="ACT003")*医療機器履歴!$I$2:$I$500))) | M9: =IFERROR(IF(OR($L9="",N(VLOOKUP(VLOOKUP($A9,機器マスタ!$A:$U,3,FALSE),機器区分マスタ!$A:$G,7,FALSE))=0),"",EDATE($L9,VLOOKUP(VLOOKUP($A9,機器マスタ!$A:$U,3,FALSE),機器区分マスタ!$A:$G,7,FALSE))),"") | N9: =IFERROR(DATEDIF(VLOOKUP($A9,機器マスタ!$A:$U,11,FALSE),TODAY(),"Y"),"") -> 8 | O9: =IFERROR(VLOOKUP(VLOOKUP($A9,機器マスタ!$A:$U,3,FALSE),機器区分マスタ!$A:$C,3,FALSE)&"","") -> 〇 | P9: =IFERROR(VLOOKUP($A9,機器マスタ!$A:$U,7,FALSE)&"","") -> Ⅲ | Q9: =IFERROR(VLOOKUP($A9,機器マスタ!$A:$U,20,FALSE)&"","") -> BOX0008 | R9: =IFERROR(VLOOKUP($A9,機器マスタ!$A:$U,21,FALSE)&"","")
A10: =IFERROR(機器マスタ!A10&"","") -> A2269 | B10: =IFERROR(VLOOKUP($A10,機器マスタ!$A:$U,2,FALSE)&"","") -> フィンガーチップパルスオキシメーター C25 | C10: =IFERROR(VLOOKUP($A10,機器マスタ!$A:$U,4,FALSE)&"","") -> パルスオキシメーター | D10: =IFERROR(VLOOKUP($A10,機器マスタ!$A:$U,6,FALSE)&"","") -> フィンガルリンク | E10: =IFERROR(VLOOKUP($A10,機器マスタ!$A:$U,8,FALSE)&"","") -> C25 | F10: =IFERROR(VLOOKUP($A10,機器マスタ!$A:$U,9,FALSE)&"","") -> 1823449-00428 | G10: =IFERROR(VLOOKUP($A10,機器マスタ!$A:$U,15,FALSE)&"","") -> 理学診療部 | H10: =IFERROR(VLOOKUP($A10,機器マスタ!$A:$U,17,FALSE)&"","") -> リハビリ室 | I10: =IFERROR(VLOOKUP($A10,機器マスタ!$A:$U,19,FALSE)&"","") -> 稼働中 | J10: =IF(SUMPRODUCT(MAX((医療機器履歴!$B$2:$B$500=$A10)*(医療機器履歴!$C$2:$C$500="ACT002")*医療機器履歴!$I$2:$I$500))=0,"",SUMPRODUCT(MAX((医療機器履歴!$B$2:$B$500=$A10)*(医療機器履歴!$C$2:$C$500="ACT002")*医療機器履歴!$I$2:$I$500))) -> 46225 | K10: =IFERROR(IF($J10="","",EDATE($J10,VLOOKUP(VLOOKUP($A10,機器マスタ!$A:$U,3,FALSE),機器区分マスタ!$A:$G,6,FALSE))),"") -> 46409 | L10: =IF(SUMPRODUCT(MAX((医療機器履歴!$B$2:$B$500=$A10)*(医療機器履歴!$C$2:$C$500="ACT003")*医療機器履歴!$I$2:$I$500))=0,"",SUMPRODUCT(MAX((医療機器履歴!$B$2:$B$500=$A10)*(医療機器履歴!$C$2:$C$500="ACT003")*医療機器履歴!$I$2:$I$500))) | M10: =IFERROR(IF(OR($L10="",N(VLOOKUP(VLOOKUP($A10,機器マスタ!$A:$U,3,FALSE),機器区分マスタ!$A:$G,7,FALSE))=0),"",EDATE($L10,VLOOKUP(VLOOKUP($A10,機器マスタ!$A:$U,3,FALSE),機器区分マスタ!$A:$G,7,FALSE))),"") | N10: =IFERROR(DATEDIF(VLOOKUP($A10,機器マスタ!$A:$U,11,FALSE),TODAY(),"Y"),"") -> 8 | O10: =IFERROR(VLOOKUP(VLOOKUP($A10,機器マスタ!$A:$U,3,FALSE),機器区分マスタ!$A:$C,3,FALSE)&"","") | P10: =IFERROR(VLOOKUP($A10,機器マスタ!$A:$U,7,FALSE)&"","") | Q10: =IFERROR(VLOOKUP($A10,機器マスタ!$A:$U,20,FALSE)&"","") -> BOX0009 | R10: =IFERROR(VLOOKUP($A10,機器マスタ!$A:$U,21,FALSE)&"","")
A11: =IFERROR(機器マスタ!A11&"","") -> A2320 | B11: =IFERROR(VLOOKUP($A11,機器マスタ!$A:$U,2,FALSE)&"","") -> メディセーフフィットスマイル | C11: =IFERROR(VLOOKUP($A11,機器マスタ!$A:$U,4,FALSE)&"","") -> 血糖測定器 | D11: =IFERROR(VLOOKUP($A11,機器マスタ!$A:$U,6,FALSE)&"","") -> テルモ | E11: =IFERROR(VLOOKUP($A11,機器マスタ!$A:$U,8,FALSE)&"","") -> MS-FR201B | F11: =IFERROR(VLOOKUP($A11,機器マスタ!$A:$U,9,FALSE)&"","") -> 190551 | G11: =IFERROR(VLOOKUP($A11,機器マスタ!$A:$U,15,FALSE)&"","") -> 外来看護部 | H11: =IFERROR(VLOOKUP($A11,機器マスタ!$A:$U,17,FALSE)&"","") -> 処置室 | I11: =IFERROR(VLOOKUP($A11,機器マスタ!$A:$U,19,FALSE)&"","") -> 稼働中 | J11: =IF(SUMPRODUCT(MAX((医療機器履歴!$B$2:$B$500=$A11)*(医療機器履歴!$C$2:$C$500="ACT002")*医療機器履歴!$I$2:$I$500))=0,"",SUMPRODUCT(MAX((医療機器履歴!$B$2:$B$500=$A11)*(医療機器履歴!$C$2:$C$500="ACT002")*医療機器履歴!$I$2:$I$500))) -> 46281 | K11: =IFERROR(IF($J11="","",EDATE($J11,VLOOKUP(VLOOKUP($A11,機器マスタ!$A:$U,3,FALSE),機器区分マスタ!$A:$G,6,FALSE))),"") -> 46311 | L11: =IF(SUMPRODUCT(MAX((医療機器履歴!$B$2:$B$500=$A11)*(医療機器履歴!$C$2:$C$500="ACT003")*医療機器履歴!$I$2:$I$500))=0,"",SUMPRODUCT(MAX((医療機器履歴!$B$2:$B$500=$A11)*(医療機器履歴!$C$2:$C$500="ACT003")*医療機器履歴!$I$2:$I$500))) | M11: =IFERROR(IF(OR($L11="",N(VLOOKUP(VLOOKUP($A11,機器マスタ!$A:$U,3,FALSE),機器区分マスタ!$A:$G,7,FALSE))=0),"",EDATE($L11,VLOOKUP(VLOOKUP($A11,機器マスタ!$A:$U,3,FALSE),機器区分マスタ!$A:$G,7,FALSE))),"") | N11: =IFERROR(DATEDIF(VLOOKUP($A11,機器マスタ!$A:$U,11,FALSE),TODAY(),"Y"),"") -> 6 | O11: =IFERROR(VLOOKUP(VLOOKUP($A11,機器マスタ!$A:$U,3,FALSE),機器区分マスタ!$A:$C,3,FALSE)&"","") -> 〇 | P11: =IFERROR(VLOOKUP($A11,機器マスタ!$A:$U,7,FALSE)&"","") -> Ⅲ | Q11: =IFERROR(VLOOKUP($A11,機器マスタ!$A:$U,20,FALSE)&"","") -> BOX0010 | R11: =IFERROR(VLOOKUP($A11,機器マスタ!$A:$U,21,FALSE)&"","")
A12: =IFERROR(機器マスタ!A12&"","") -> A2333 | B12: =IFERROR(VLOOKUP($A12,機器マスタ!$A:$U,2,FALSE)&"","") -> ステレッチングex | C12: =IFERROR(VLOOKUP($A12,機器マスタ!$A:$U,4,FALSE)&"","") -> 斜面台 | D12: =IFERROR(VLOOKUP($A12,機器マスタ!$A:$U,6,FALSE)&"","") -> スカイライト | E12: =IFERROR(VLOOKUP($A12,機器マスタ!$A:$U,8,FALSE)&"","") -> ステレッチングex | F12: =IFERROR(VLOOKUP($A12,機器マスタ!$A:$U,9,FALSE)&"","") -> 2107 | G12: =IFERROR(VLOOKUP($A12,機器マスタ!$A:$U,15,FALSE)&"","") -> 理学診療部 | H12: =IFERROR(VLOOKUP($A12,機器マスタ!$A:$U,17,FALSE)&"","") -> リハビリ室 | I12: =IFERROR(VLOOKUP($A12,機器マスタ!$A:$U,19,FALSE)&"","") -> 稼働中 | J12: =IF(SUMPRODUCT(MAX((医療機器履歴!$B$2:$B$500=$A12)*(医療機器履歴!$C$2:$C$500="ACT002")*医療機器履歴!$I$2:$I$500))=0,"",SUMPRODUCT(MAX((医療機器履歴!$B$2:$B$500=$A12)*(医療機器履歴!$C$2:$C$500="ACT002")*医療機器履歴!$I$2:$I$500))) | K12: =IFERROR(IF($J12="","",EDATE($J12,VLOOKUP(VLOOKUP($A12,機器マスタ!$A:$U,3,FALSE),機器区分マスタ!$A:$G,6,FALSE))),"") | L12: =IF(SUMPRODUCT(MAX((医療機器履歴!$B$2:$B$500=$A12)*(医療機器履歴!$C$2:$C$500="ACT003")*医療機器履歴!$I$2:$I$500))=0,"",SUMPRODUCT(MAX((医療機器履歴!$B$2:$B$500=$A12)*(医療機器履歴!$C$2:$C$500="ACT003")*医療機器履歴!$I$2:$I$500))) | M12: =IFERROR(IF(OR($L12="",N(VLOOKUP(VLOOKUP($A12,機器マスタ!$A:$U,3,FALSE),機器区分マスタ!$A:$G,7,FALSE))=0),"",EDATE($L12,VLOOKUP(VLOOKUP($A12,機器マスタ!$A:$U,3,FALSE),機器区分マスタ!$A:$G,7,FALSE))),"") | N12: =IFERROR(DATEDIF(VLOOKUP($A12,機器マスタ!$A:$U,11,FALSE),TODAY(),"Y"),"") -> 15 | O12: =IFERROR(VLOOKUP(VLOOKUP($A12,機器マスタ!$A:$U,3,FALSE),機器区分マスタ!$A:$C,3,FALSE)&"","") | P12: =IFERROR(VLOOKUP($A12,機器マスタ!$A:$U,7,FALSE)&"","") | Q12: =IFERROR(VLOOKUP($A12,機器マスタ!$A:$U,20,FALSE)&"","") -> BOX0011 | R12: =IFERROR(VLOOKUP($A12,機器マスタ!$A:$U,21,FALSE)&"","") -> 2026/3に西船へ移設
A13: =IFERROR(機器マスタ!A13&"","") -> A2487 | B13: =IFERROR(VLOOKUP($A13,機器マスタ!$A:$U,2,FALSE)&"","") -> 体重計 | C13: =IFERROR(VLOOKUP($A13,機器マスタ!$A:$U,4,FALSE)&"","") -> 体重計 | D13: =IFERROR(VLOOKUP($A13,機器マスタ!$A:$U,6,FALSE)&"","") -> タニタ | E13: =IFERROR(VLOOKUP($A13,機器マスタ!$A:$U,8,FALSE)&"","") -> HD-660 | F13: =IFERROR(VLOOKUP($A13,機器マスタ!$A:$U,9,FALSE)&"","") -> 800929 | G13: =IFERROR(VLOOKUP($A13,機器マスタ!$A:$U,15,FALSE)&"","") -> 理学診療部 | H13: =IFERROR(VLOOKUP($A13,機器マスタ!$A:$U,17,FALSE)&"","") -> リハビリ室 | I13: =IFERROR(VLOOKUP($A13,機器マスタ!$A:$U,19,FALSE)&"","") -> 稼働中 | J13: =IF(SUMPRODUCT(MAX((医療機器履歴!$B$2:$B$500=$A13)*(医療機器履歴!$C$2:$C$500="ACT002")*医療機器履歴!$I$2:$I$500))=0,"",SUMPRODUCT(MAX((医療機器履歴!$B$2:$B$500=$A13)*(医療機器履歴!$C$2:$C$500="ACT002")*医療機器履歴!$I$2:$I$500))) -> 46041 | K13: =IFERROR(IF($J13="","",EDATE($J13,VLOOKUP(VLOOKUP($A13,機器マスタ!$A:$U,3,FALSE),機器区分マスタ!$A:$G,6,FALSE))),"") -> 46406 | L13: =IF(SUMPRODUCT(MAX((医療機器履歴!$B$2:$B$500=$A13)*(医療機器履歴!$C$2:$C$500="ACT003")*医療機器履歴!$I$2:$I$500))=0,"",SUMPRODUCT(MAX((医療機器履歴!$B$2:$B$500=$A13)*(医療機器履歴!$C$2:$C$500="ACT003")*医療機器履歴!$I$2:$I$500))) | M13: =IFERROR(IF(OR($L13="",N(VLOOKUP(VLOOKUP($A13,機器マスタ!$A:$U,3,FALSE),機器区分マスタ!$A:$G,7,FALSE))=0),"",EDATE($L13,VLOOKUP(VLOOKUP($A13,機器マスタ!$A:$U,3,FALSE),機器区分マスタ!$A:$G,7,FALSE))),"") | N13: =IFERROR(DATEDIF(VLOOKUP($A13,機器マスタ!$A:$U,11,FALSE),TODAY(),"Y"),"") -> 15 | O13: =IFERROR(VLOOKUP(VLOOKUP($A13,機器マスタ!$A:$U,3,FALSE),機器区分マスタ!$A:$C,3,FALSE)&"","") | P13: =IFERROR(VLOOKUP($A13,機器マスタ!$A:$U,7,FALSE)&"","") | Q13: =IFERROR(VLOOKUP($A13,機器マスタ!$A:$U,20,FALSE)&"","") -> BOX0012 | R13: =IFERROR(VLOOKUP($A13,機器マスタ!$A:$U,21,FALSE)&"","")
... A21: =IFERROR(機器マスタ!A21&"","") -> A3294 | B21: =IFERROR(VLOOKUP($A21,機器マスタ!$A:$U,2,FALSE)&"","") -> リニア PLM-703AT | C21: =IFERROR(VLOOKUP($A21,機器マスタ!$A:$U,4,FALSE)&"","") -> 超音波プローブ | D21: =IFERROR(VLOOKUP($A21,機器マスタ!$A:$U,6,FALSE)&"","") -> キヤノンメディカル | E21: =IFERROR(VLOOKUP($A21,機器マスタ!$A:$U,8,FALSE)&"","") -> PLM-703AT | F21: =IFERROR(VLOOKUP($A21,機器マスタ!$A:$U,9,FALSE)&"","") -> TDA1336595 | G21: =IFERROR(VLOOKUP($A21,機器マスタ!$A:$U,15,FALSE)&"","") -> 臨床検査部 | H21: =IFERROR(VLOOKUP($A21,機器マスタ!$A:$U,17,FALSE)&"","") -> 1B 生理検査室 | I21: =IFERROR(VLOOKUP($A21,機器マスタ!$A:$U,19,FALSE)&"","") -> 稼働中 | J21: =IF(SUMPRODUCT(MAX((医療機器履歴!$B$2:$B$500=$A21)*(医療機器履歴!$C$2:$C$500="ACT002")*医療機器履歴!$I$2:$I$500))=0,"",SUMPRODUCT(MAX((医療機器履歴!$B$2:$B$500=$A21)*(医療機器履歴!$C$2:$C$500="ACT002")*医療機器履歴!$I$2:$I$500))) | K21: =IFERROR(IF($J21="","",EDATE($J21,VLOOKUP(VLOOKUP($A21,機器マスタ!$A:$U,3,FALSE),機器区分マスタ!$A:$G,6,FALSE))),"") | L21: =IF(SUMPRODUCT(MAX((医療機器履歴!$B$2:$B$500=$A21)*(医療機器履歴!$C$2:$C$500="ACT003")*医療機器履歴!$I$2:$I$500))=0,"",SUMPRODUCT(MAX((医療機器履歴!$B$2:$B$500=$A21)*(医療機器履歴!$C$2:$C$500="ACT003")*医療機器履歴!$I$2:$I$500))) -> 46077 | M21: =IFERROR(IF(OR($L21="",N(VLOOKUP(VLOOKUP($A21,機器マスタ!$A:$U,3,FALSE),機器区分マスタ!$A:$G,7,FALSE))=0),"",EDATE($L21,VLOOKUP(VLOOKUP($A21,機器マスタ!$A:$U,3,FALSE),機器区分マスタ!$A:$G,7,FALSE))),"") -> 46442 | N21: =IFERROR(DATEDIF(VLOOKUP($A21,機器マスタ!$A:$U,11,FALSE),TODAY(),"Y"),"") -> 13 | O21: =IFERROR(VLOOKUP(VLOOKUP($A21,機器マスタ!$A:$U,3,FALSE),機器区分マスタ!$A:$C,3,FALSE)&"","") -> 〇 | P21: =IFERROR(VLOOKUP($A21,機器マスタ!$A:$U,7,FALSE)&"","") -> Ⅱ | Q21: =IFERROR(VLOOKUP($A21,機器マスタ!$A:$U,20,FALSE)&"","") -> BOX0020 | R21: =IFERROR(VLOOKUP($A21,機器マスタ!$A:$U,21,FALSE)&"","") -> A3293の付属プローブ
